ytid,caption,low quality,instrumental,emotional,passionate,energetic,noisy,medium tempo,amateur recording,slow tempo,live performance,acoustic drums,fast tempo,acoustic guitar,mono,bass guitar,electric guitar,piano,e-bass,groovy,pop,uptempo,poor audio quality,male voice,instrumental music,shimmering hi hats,punchy snare,rock,groovy bass,youthful,punchy kick
52GYcHTcCgs,The male voice is singing/talking over an electric bass playing a harmonic bassline while the acoustic drums is playing a light groove almost just on the lightly open hi hat and some kick hits. This song may be playing at a musician's bar.,0,0,0,0,0,0,1,0,0,0,0,0,1,0,0,0,0,1,0,0,0,0,0,0,0,0,0,0,0,0
01PzcPKT3_E,"The Jazz song features a saxophone solo melody played over shimmering shakers, tinny metallic percussions and mellow sustained brass melody. It sounds passionate, emotional and soulful.",0,0,1,1,0,0,0,0,0,0,0,0,0,0,0,0,0,0,0,0,0,0,0,0,0,0,0,0,0,0
0nNmbkU8GBI,This is an ambient music piece. There is a granular synth playing at a medium-to-high pitch. The piece has a hypnotic atmosphere. It could be used in the background of meditation videos.,0,0,0,0,0,0,0,0,0,0,0,0,0,0,0,0,0,0,0,0,0,0,0,0,0,0,0,0,0,0
0hfU27A6tus,This is the performance of an Irish folk song using a banjo and a mandolin. The singer is elderly and the guitars are layered. The banjo is used to play a simple motif that revolves around two chords.,0,0,0,0,0,0,0,0,0,1,0,0,0,0,0,0,0,0,0,0,0,0,0,0,0,0,0,0,0,0
1tz4xNRRR4M,"This lullaby features a fruity male vocal talking over a haunting bell melody. At the end of the loop, there is a sustained string swell. It sounds creepy, haunting, mystical and like a theme song for a movie.",0,0,0,0,0,0,0,0,0,0,0,0,0,0,0,0,0,0,0,0,0,0,0,0,0,0,0,0,0,0
8hSmQpOPXJE,"The low quality recording features a cover of a kids song that consists of sweet girl vocal singing over breathy flute melody, groovy bass and acoustic rhythm guitar. It sounds mellow, happy and fun.",1,0,0,0,0,0,0,0,0,0,0,0,0,0,0,0,0,0,0,0,0,0,0,0,0,0,0,1,0,0
-tKZOl4q1Kw,"The clip just contains a high pitched synth melody. The motif keeps going higher in pitch, and then eventually a riser comes in. The combination of these two factors creates a sense of build-up to a climactic moment.",0,0,0,0,0,0,0,0,0,0,0,0,0,0,0,0,0,0,0,0,0,0,0,0,0,0,0,0,0,0
4W8IZxn3nEI,"A male vocalist sings this animated song. The tempo is medium fast with keyboard harmony, acoustic guitar , steady drumming and simple bass lines. The song is simple, catchy, funny, spirited, animated and easy to sing along. The lyrics are funny.",0,0,0,0,0,0,0,0,0,0,0,0,0,0,0,0,0,0,0,0,0,0,0,0,0,0,0,0,0,0
4hulNRgH6cI,"This music is instrumental.the tempo is slow with a boomy, menacing bass and synthesiser arrangements. The music is deliberate, menacing, precarious,threatening, scary, sinister and grim. This music is Hard Rock.",0,1,0,0,0,0,0,0,1,0,0,0,0,0,0,0,0,0,0,0,0,0,0,0,0,0,1,0,0,0
2ZYzviKuq9w,"This is a hip-hop music piece. There is a female vocalist singing in a rap-like manner. There is a strong bass in the background. For the rhythm, there is a simple electronic drum beat with heavy use of claps. The keyboard is playing occasional tunes. The atmosphere is groovy. This piece could be playing in the background at a nightclub or at a dance club.",0,0,0,0,0,0,0,0,0,0,0,0,0,0,0,0,0,0,1,0,0,0,0,0,0,0,0,0,0,0
0S5zWt91Bwo,"This song contains acoustic guitars being strummed fast, a mandolin playing the lead melody in a higher pitch and an upright bass providing an almost walking bassline. This song may be playing in the countryside while having a BBQ.",0,0,0,0,0,0,0,1,0,0,0,0,0,0,0,0,0,0,0,0,1,0,0,0,0,0,0,0,0,0
7J6U-HE3Lko,"This song contains a acoustic drum playing a lot on the toms before changing to a groove with strong crash hits. A e-guitar is playing single notes in a very high pitch while the other e-guitar is playing a melody along with the bass in a lower register. A male voice is singing, almost streaming a melody on top. A male backing voice is supporting in between the breaks of the main singer. In the background you can hear male voices shouting. That seems not to be a part of the music. This song may be playing while running with headphones.",0,0,0,0,0,0,0,0,0,0,1,0,0,0,0,0,0,1,0,0,0,0,0,0,0,0,0,0,0,0
AjjQqd0eLzw,Someone is playing an instrument sounding like a bowl/pad/whale singing in a metallic tone with a long sustain and shifting in pitch. This song may be playing in a horror-movie scene. This is an amateur recording.,0,0,0,0,0,0,0,1,0,0,0,0,0,0,0,0,0,0,0,0,0,0,0,0,0,0,0,0,0,0
5bsUYmXIgMA,"The low quality recording features a traditional song that consists of wooden percussive elements and addictive strings melody playing together. It sounds haunting, suspenseful and intense.",1,0,0,0,0,0,0,0,0,0,0,0,0,0,0,0,0,0,0,0,0,0,0,0,0,0,0,0,0,0
2f1UXGix_Cw,"The low quality recording features a techno song that consists of a compilation of sounds. The first version is thin and crushed, as it was played on a speaker and recorded with a poor microphone. The second version is the actual song being played, which consists of a ""4 on the floor"" kick patter, wide percussive elements and shimmering open hats. The final, third version is crushed, distorted and heavy as it consists of very loud kick punches.",1,0,0,0,0,0,0,0,0,0,0,0,0,0,0,0,0,0,0,0,0,0,0,0,0,0,0,0,0,0
6807299U5eg,"The low quality recording features a traditional song that consists of a passionate female vocal singing over breathy flute melody, wooden percussion, keys chords and acoustic guitar chords. It sounds soulful, passionate and the recording is in mono and noisy.",1,0,0,1,0,1,0,0,0,0,0,0,0,1,0,0,0,0,0,0,0,0,0,0,0,0,0,0,0,0
60uuoSycuWE,low fidelity recording of a child singing quietly while being accompanied by ukelele strumming a syncopated pattern and a loud woodblock playing a steady click on the backbeat.,0,0,0,0,0,0,0,0,0,0,0,0,0,0,0,0,0,0,0,0,0,0,0,0,0,0,0,0,0,0
1mB_cboJR8s,This meditation music features a male voice in a low tone chanting words in a melodic tone. There are no other instruments in this song. The mood of this song is relaxing. This song can be played in a meditation center.,0,0,0,0,0,0,0,0,1,0,0,0,0,0,0,0,0,0,0,0,0,0,0,0,0,0,0,0,0,0
5FlNBuS7YgM,This is an Italian folk music piece. It is a live performance recording. There is a mandolin playing the main tune of the piece while an acoustic guitar plays in the melodic background. The atmosphere of the piece is lively. This piece could be used in the soundtrack of a documentary taking place in the Mediterranean region. It could also be used in tourism agency advertisements. Another possible use is as an accompaniment piece for Italian folk dance courses.,0,1,0,0,0,0,0,0,0,0,0,0,1,0,0,0,0,0,0,0,0,0,0,0,0,0,0,0,0,0
1PKxdTlquCA,"The Pop song features a flat female vocal, supported by wide harmonizing background vocals, singing over groovy acoustic rhythm guitar, offbeat shimmering open hats, claps, offbeat synth keys chords and a simple ""4 on the floor"" kick pattern that perfectly complements the groovy bass. Sounds energetic and uptempo, like something you would hear in clubs, or on a radio.",0,0,0,0,1,0,0,0,0,0,0,0,0,0,0,0,0,0,0,1,1,0,0,0,0,0,0,1,0,0
A8b-0yWXBCE,"This music is an electronic instrumental. The tempo is medium fast with synthesiser arrangements, DJ mixer, turn table and digital drums. The music is futuristic , emphatic, intense, loud , enthusiastic; heavily synthesised and groovy. It has a psychedelic, trace-like vibe.",0,1,0,0,1,0,0,0,0,0,0,0,0,0,0,0,0,0,1,0,0,0,0,0,0,0,0,0,1,0
9zW-E0XdWdw,The music features a few girl voices singing a melody in harmony. An acoustic guitar accompanies the singers with strummed chords. The overall atmosphere is calming and moving at the same time.,0,0,0,0,0,0,0,0,0,0,0,0,1,0,0,0,0,0,0,0,0,0,0,0,0,0,0,0,0,0
7Msk_hkz6zk,"This song is a spirited duet in foreign language . The tempo is fast with male and female vocals, animated digital drums and synthesiser arrangement . The song is upbeat, catchy, engaging, punchy, buoyant and has a nice dance groove. This music is contemporary Regional Pop.",0,0,0,0,1,0,0,0,0,0,0,0,0,0,0,0,0,0,0,0,0,0,0,0,0,0,0,0,1,0
2JnlmS1zzls,"A male chorus sings this passionate song in a foreign language which sounds like Greek. The song is medium tempo with hand percussion like drums, small hand drum, tambourine and a beat with sticks. The vocals are emphatic and sung in lively parts. The song is passionate, emotional, sentimental, and sounds like an anthem or a love song for the Country or a Leader.",0,0,1,1,0,0,1,0,0,0,0,0,0,0,0,0,0,0,0,0,0,0,0,0,0,0,0,0,0,0
6cQbxwbBqqI,This audio contains someone playing a chord on a ukulele. A male voice is talking in the midrange. This is an amateur recording. This may be playing live while taking a ukulele workshop.,0,0,0,0,0,0,0,1,0,0,0,0,0,0,0,0,0,0,0,0,0,0,0,0,0,0,0,0,0,0
-1LrH01Ei1w,This song features a rubber instrument being played. The strumming is fast. The melody is played on one fretted string and other open strings. The melody is played on the lower octave and is later repeated on the higher octave. This song can be played at a folk party.,0,1,0,0,0,0,0,0,0,0,0,1,0,0,0,0,0,0,0,0,0,0,0,0,0,0,0,0,0,0
38R9Vnwt890,"The music features an orchestra playing a fast tempo piece. Since the song is purely instrumental there is no voice singing. The trombones and the trumpets stand out the most. The music is epic and can work pretty well for a movie, especially a chasing scene.",0,1,0,0,0,0,0,0,0,0,0,1,0,0,0,0,0,0,0,0,0,0,0,0,0,0,0,0,0,0
4H1nc2Xv2Hg,"The song is an instrumental. The tempo is slow and unsure, with a guitarist attempting to play a minor scale and gets the scale wrong. The song has poor audio quality with ambient traffic noise in the background.",0,0,0,0,0,0,0,0,0,0,0,0,1,0,0,0,0,0,0,0,0,1,0,1,0,0,0,0,0,0
ADPSmeFofpo,"This music is an electronic instrumental. The tempo is fast with atmospheric synthesisers playing an intense harmony with boomy keyboard feedback. There is no other instrument  or accompaniment except for a whooshing sound. The music sounds amateur and has a sinister, eerie, mysterious, spooky, scary vibe.",0,0,0,0,0,0,0,0,0,0,0,0,0,0,0,0,0,0,0,0,0,0,0,0,0,0,0,0,0,0
40kbMyL2Wgo,This audio contains digital drums playing along to a male voice singing in a higher key while a synth bass sound and a lead sound are supporting the epic atmosphere. Then another male voice starts rapping with a lot of confidence and a little aggression in his voice. A male voice is providing backing vocals panned to both sides of the speakers. This song may be playing as a motivational mood enhancer.,0,0,0,0,0,0,0,0,0,0,0,0,0,0,0,0,0,0,0,0,0,0,0,0,0,0,0,0,0,0
0Q1JLNfm8oU,"This song contains two pianos panned to both sides of the speakers playing melodies in the mid to upper range. A female voice, maybe a child sings a melody in a very high pitch. THis song may be playing as part of a movie-scene.",0,0,0,0,0,0,1,0,0,0,0,0,0,0,0,0,0,0,0,0,0,0,0,0,0,0,0,0,0,0
1ToIyrmWFjw,This is a Turkish arabesque rap music piece. There is a female vocalist singing in a melancholic manner in the Turkish language. The beat has a string sample and a flute sample in the melody. There is a very loud electronic drum beat in the rhythmic background. The song has a depressive atmosphere. This piece could be used in the background of sad Turkish social media content.,0,0,0,0,0,0,0,0,0,0,0,0,0,0,0,0,0,0,0,0,0,0,0,0,0,0,0,0,0,0
2ShO1jZYZeA,"This techno song features programmed percussion playing at a fast tempo. After two bars, the percussion plays a crash cymbal and pauses. There are layers of synth sounds. One layer is playing a high pitched repetitive melody. Another layer is playing the lower octaves of the same melody but the sound is different. Another synth is playing the bass parts using the same melody. This is an instrumental song with a techno feel. This song can be used in an advertisement for a luxury item.",0,1,0,0,0,0,0,0,0,0,0,1,0,0,0,0,0,0,0,0,0,0,0,0,0,0,0,0,0,0
07-3grCQ8EU,"This is a Polish folk music piece meant to be played at weddings. This is an instrumental piece. The melody is played by a Polish fiddle, while there are occasional notes that can be heard from the background of an instrument that sounds like a mandolin. The rhythmic background is probably from the Polish percussive instrument baraban. There is a joyful atmosphere. This piece could be played at Polish weddings or it could be used in the soundtrack of a historical movie or a TV show that takes place in an Eastern European town.",0,1,0,0,0,0,0,0,0,0,0,0,0,0,0,0,0,0,0,0,0,0,0,0,0,0,0,0,0,0
7-mNJ4IUY5Q,The music features for the most part an instrumental that makes use of synth sounds and a drum beat using sampled drums and claps. Towards the end of the music excerpt a female voice starts singing a simple melody and another female voice can be heard singing brief interventions in the background. The music is highly accentuated.,0,0,0,0,0,0,0,0,0,0,0,0,0,0,0,0,0,0,0,0,0,0,0,0,0,0,0,0,0,0
AEwkS57P4eE,"The low quality recording features a blues song that consists of passionate male vocal singing over groovy piano chords, brass melody, whistling melody and smooth bass. It sounds vintage and thus nostalgic and sentimental. The recording is very noisy.",1,0,0,0,0,1,0,0,0,0,0,0,0,1,0,0,0,0,0,0,0,0,0,0,0,0,0,0,0,0
5ieMy-PAKA0,"This is an advertisement jingle music piece. It is an instrumental piece. The main theme is being played by the piano while there is a synth string sound in the melodic background. There is an emotional, heart-touching atmosphere. This piece could be used in the soundtrack of a drama movie during scenes of tragedy. It could also work well as an advertisement jingle where there is an attempted appeal to emotion.",0,1,1,0,0,0,0,0,0,0,0,0,0,0,0,0,1,0,0,0,0,0,0,0,0,0,0,0,0,0
7chwYGGSkmE,"The low quality recording features an arpeggiated acoustic guitar melody over which a reverberant passionate female vocal is singing. At the very end of the loop there is a metallic bells melody. The recording is noisy and in mono, but it sounds traditional, calming, relaxing and spiritual.",1,0,0,0,0,1,0,0,0,0,0,0,0,1,0,0,0,0,0,0,0,0,0,0,0,0,0,0,0,0
-mA_bqD1tgU,"The low quality recording features a folk song that consists of a wooden percussion, groovy bass, breathy flute melody, groovy piano melody, shimmering shakers and sustained strings melody. It sounds passionate, joyful and happy.",1,0,0,1,0,0,0,0,0,0,0,0,0,0,0,0,0,0,0,0,0,0,0,0,0,0,0,1,0,0
6lPw0wKu7_M,This audio contains someone playing a big acoustic drum set with a lot of fill-ins before breaking into the next part of the song. It sounds as if it is the big finale. With loud hits on the cymbals a e-bass is playing a long note and the organ is playing loud chords in the higher register. This song may be playing live at a concert.,0,0,0,0,0,0,0,1,0,0,1,0,0,0,0,0,0,1,0,0,0,0,0,0,0,0,0,0,0,0
1nUqhH8bAPk,"A country-song with guitar, acoustic drums and a almost walking bassline is playing along with a high pitched baby voice singing along to some sound effects/noise samples of some ribbon. This recording is in very poor quality. This song may be playing as a joke to pull off on someone.",0,0,0,0,0,0,0,0,0,0,0,0,1,0,0,0,0,1,0,0,0,0,0,0,0,0,0,0,0,0
9JlifkCmUOk,This is a recording of a live indie rock performance. The recording is distorted and of a low quality. There are two male singers singing in an indie style with a lot of reverb applied to their vocals. The bass is rumbling and low and constant.,0,0,0,0,0,0,0,0,0,0,0,0,0,0,0,0,0,0,0,0,0,0,0,0,0,0,0,0,0,0
0MzrXd8CUCg,"The low quality recording features a wide resonating woodwind melody. The recording is loud, noisy with some crackles and it sounds harsh.",1,0,0,0,0,1,0,0,0,0,0,0,0,0,0,0,0,0,0,0,0,0,0,0,0,0,0,0,0,0
AJeRSlZuZbk,This is a Kumaoni music piece. There is a male vocalist singing while playing a bina instrument at the same time. Both the vocal and the bina melody have a lot of vibrations.,0,0,0,0,0,0,0,0,0,0,0,0,0,0,0,0,0,0,0,0,0,0,0,0,0,0,0,0,0,0
8akqVDDGsNQ,"The low quality recording features a live performance of an Alternative/Indie song and it consists flat male vocal singing over electric guitar chord progression, thin, but groovy bass guitar, punchy kick and snare hits, soft rimshots, soft crash cymbal, shimmering hi hats and a drum break. It sounds energetic, groovy and addictive, due to the cadence.",1,0,0,0,1,0,0,0,0,1,0,0,0,0,0,0,0,0,1,0,0,0,0,0,1,1,0,0,0,1
2aPVOidHLXI,"The low quality recording features a wide, soft whispering male vocals singing over a wide electric guitar melody, shimmering cymbals and drum roll. In the second part of the loop there is an energetic male vocal singing over more energetic electric guitar chords, distorted bass, punchy kick and snare hits and shimmering cymbals. It sounds energetic, aggressive, but also messy and kind of chaotic, since the mix is dirty.",1,0,0,0,1,0,0,0,0,0,0,0,0,0,0,0,0,0,0,0,0,0,0,0,0,1,0,0,0,1
2UY_-oF1vqo,This song contains a digital drum playing a simple pattern with a kick and a snare sound. Synthesizers are playing a repeating melody in the higher register. Another synth sound is playing a more aggressive lead sound with a countermelody. A string sample is being used to create a short hit. This song may be playing during a car ride.,0,0,0,0,0,0,0,1,0,0,0,0,0,0,0,0,0,0,0,0,0,0,0,0,0,0,0,0,0,0
2ctgUIqyaBk,This pop song features a male voice singing the main melody in a foreign language. The melody is repetitive. This is accompanied by percussion playing a simple beat. The bass plays the root notes of the chords. A guitar plays arpeggiated chords using a chorus effect. The mood of this song is romantic. This song can be played in a romantic movie.,0,0,0,0,0,0,0,0,1,0,0,0,0,0,0,0,0,0,0,0,0,0,1,0,0,0,0,0,0,0
AzWIKyRnhG8,"A male vocalist sings this gentle Puja song. The tempo is slow with atmospheric synthesiser, chimes, keyboard harmony and electronic arrangements to give an intense, ethereal, celestial vibe. The song is a Sanskrit chant, melodious prayer, and devotion song. It is soothing, calming, meditative, prayerful, reflective and pensive.",0,0,0,0,0,0,0,0,0,0,0,0,0,0,0,0,0,0,0,0,0,0,0,0,0,0,0,0,0,0
6pHo6fPdPvM,Someone is playing a bass melody through a distortion effect. This song may be playing bass at home.,0,0,0,0,0,0,1,1,0,0,0,0,0,0,0,0,0,1,0,0,0,0,0,0,0,0,0,0,0,0
682ODyTqKyw,"The clip has a relaxing, chill, mellow vibe. It is a live recording outdoors, and features various sounds of skateboarders doing tricks. The song itself is a hip hop song that's relaxing and chill. There's an electric guitar riff, and a high pitched soulful vocal refrain.",0,0,0,0,0,0,0,0,0,0,0,0,0,0,0,0,0,0,0,0,0,0,0,0,0,0,0,0,0,0
-5xOcMJpTUk,"A male guitarist plays the guitar and speaks about technique in this online video tutorial. The male voice is strong and commanding, along with guitar string twang sounds, clearly demonstrating the technique. The audio quality is mediocre.",0,0,0,1,1,0,0,0,0,0,0,0,0,0,0,0,0,0,0,0,0,0,0,0,0,0,0,0,0,0
6EwEo0JQkTg,"This is the live recording of a DJ performance. The DJ is modifying a hip-hop beat with the use of a turntable through the scratching technique. A repeated sitar sample can be heard in the beat. There is a strong and groovy bass line in the background. The rhythmic structure consists of a slightly fast-paced hip-hop electronic drum beat. There is a modern sounding, urban feel to it. This piece could be playing in the background at a sportswear shop. It could also be played at sports venues.",0,0,0,0,0,0,0,0,0,0,0,0,0,0,0,0,0,0,1,0,0,0,0,0,0,0,0,0,0,0
A0XXmVts1y0,This song contains digital drums playing a groove along with an aggressive synth saw wave pad repeating the same simple melody. A male kid's voice is chopped into a sample creating a rhythmic phrase. The same goes for a female voice. So it sounds like they are singing. This is an amateur recording. This song may be playing in a funny video.,0,0,0,0,0,0,0,1,0,0,0,0,0,0,0,0,0,0,0,0,1,0,0,0,0,0,0,0,0,0
7_80oVTLkGU,"This music is a percussion instrumental . The tempo is medium fast with a rhythmic tambourine beat. The music is minimal with the sound of the tambourine metal plates clanging and a dull drum head beat. The music is catchy, enthusiastic and has a rhythmic beat.",0,1,0,0,0,0,0,0,0,0,0,0,0,0,0,0,0,0,0,0,0,0,0,0,0,0,0,0,0,0
5LX2Unga1p4,"A digital drum with a strong snare that sounds like a slap is playing along with an e-bass that is being slapped, playing a funky bassline. A e-guitar is strumming two funky chords along. A female voice is rapping with a lot of confidence in the attitude and then another female voice is singing accompanied by female backing voices. The file is of poorer audio-quality. This song may be playing in a disco.",0,0,0,0,0,0,1,1,0,0,0,0,0,0,0,0,0,0,0,0,0,0,0,0,0,0,0,0,0,0
-T4GeTHKtJQ,"The low quality recording features a compilation of rock songs and it consists of punchy kicks, wide electric guitar melodies, distorted bass guitar, energetic crash cymbals, shimmering hi hats and harmonizing male vocals singing over it. It sounds energetic.",1,0,0,0,1,0,0,0,0,0,0,0,0,0,0,0,0,0,0,0,0,0,0,0,1,0,1,0,0,1
9ZUzftiN2uw,The clip features the tone of an alarm bell beeping. It beeps with a high and fuzzy tone. A button is then pressed. There is then the sound of a grungy electric guitar being played in a rock style.,0,0,0,0,0,0,0,0,0,0,0,0,0,0,0,0,0,0,0,0,0,0,0,0,0,0,1,0,0,0
2x9735gU01s,"The low quality recording features an arpeggiated acoustic guitar. It sounds mellow, soft, emotional and sad.",1,0,1,0,0,0,0,0,0,0,0,0,0,0,0,0,0,0,0,0,0,0,0,0,0,0,0,0,0,0
4gEmWJCPZGo,The song is primarily an instrumental with male voices chanting prayers. The song is fast tempo with tabla percussions and harmonium playing accompaniment. The song is spirited and devotional with a trance like feel to it. The audio quality is very poor.,0,0,0,0,0,0,0,0,0,0,0,1,0,0,0,0,0,0,0,0,0,1,0,1,0,0,0,0,0,0
5C70IZwHA5g,This song features a male voice and a female voice singing together. This is accompanied by percussion playing a simple beat. A shaker is played once on the count and twice on the end of each count. The bass plays a melody using a fuzzy tone. A synth holds chords in the background. The mood of the singers is narrative. This song can be played in a mystery movie.,0,0,0,0,0,0,0,0,0,0,0,0,0,0,0,0,0,0,0,0,0,0,1,0,0,0,0,0,0,0
65KYS3lIRII,"This music is instrumental. The tempo is fast with electronic beats and rhythm on a DJ mixer. The music is youthful, hypnotic, groovy; burgeoning and trance .",0,1,0,0,0,0,0,1,0,0,0,1,0,0,0,0,0,0,0,0,0,0,0,0,0,0,0,0,1,0
71KE7B1vvdI,"The low quality recording features an afrobeats song that consists flat male vocal, alongside wide harmonizing male vocals, rapping over sustained synth lead melody, short synth melody, groovy bass, soft kick hits, punchy snare, shimmering shakers and syncopated toms. The mix is bad, thus it sounds kind of unprofessional, but still energetic.",1,0,0,0,1,0,0,0,0,0,0,0,0,0,0,0,0,0,0,0,0,0,0,0,0,1,0,1,0,0
7ZXz3Xa7APs,This is a tongue-in-cheek version of a reggae song edited to make it sound like a movie character was featured in it. It has a male vocal that starts singing with a Jamaican accent that turns into gibberish. Clean electric guitar and bass guitar provide the melodic background while the acoustic drums and percussion play a basic reggae beat for the rhythmic background.,0,0,0,0,0,0,0,0,0,0,1,0,0,0,1,1,0,0,0,0,0,0,0,0,0,0,0,0,0,0
2U8Dvh7nwFI,This is a pop music piece. The words are being sung by two vocals: one male and one female which lead to a duet for the chorus. There is a banjo and an electric guitar playing the melody while a simple electronic drum beat provides the rhythmic background for the song. It is a slightly melodic and emotional song. This piece could be used in the soundtrack of a romantic drama during a flashback scene.,0,0,1,0,0,0,0,0,0,0,0,0,0,0,0,1,0,0,0,0,0,0,0,0,0,0,0,0,0,0
Aky0DF507fw,This is a didgeridoo jam piece. The didgeridoo is playing tunes at a pitch varying from low to medium. There is a tribal sound to this recording. It could be used in the soundtrack of a movie/TV series with a jungle/primitive setting. It could also be sampled to be used in beat-making.,0,1,0,0,0,0,0,0,0,1,0,0,0,0,0,0,0,0,0,0,0,0,0,0,0,0,0,0,0,0
2x4694ExyCU,"The low quality recording features an electro song that consists of a widely spread stuttering synth melody, buzzy synth bass and distorted electric guitar melody. It sounds distorted, loud, suspenseful and energetic.",1,0,0,0,1,0,0,0,0,0,0,0,0,0,0,0,0,0,0,0,0,0,0,0,0,0,0,0,0,0
5KvjUzQbMT4,"Here we get to hear a hardcore metal piece. This is characterised, in part, by the rapid action on the kick drum - with notes being played at a rate of sixteenth notes on the kick. The drummer also frequents the ride cymbal. The guitar is grungy, gritty, fuzzy, heavy, deep, hardcore.",0,0,0,0,1,0,0,0,0,0,0,0,0,0,0,0,0,0,0,0,0,0,0,0,0,0,0,0,0,0
9m0tNvskmTc,This song contains string instruments being played with a bow playing the main melody. Coming in after a flute starts playing the melody. An acoustic instrument is providing the rhythm. A guzheng is playing the same melody in a lower register. In the background you can hear crickets chirping. This song may be playing as a live performance from a music school.,0,0,0,0,0,0,1,1,0,0,0,0,0,0,0,0,0,0,0,0,0,0,0,0,0,0,0,0,0,0
7NtM1MM76s0,"The low quality recording features a drum roll solo, followed by laughter. The recording is noisy and in mono.",1,0,0,0,0,1,0,0,0,0,0,0,0,1,0,0,0,0,0,0,0,0,0,0,0,0,0,0,0,0
1Q9DXhXMSFI,"The Low Quality recording features a regional Mexican song sung by reverberant male vocals over acoustic guitar chords, punchy snare and kick hits, groovy bass and funky piano chords. There is a short snare roll at one point that serves as a transition to the next section of the song. Sounds a bit muffled, as it is a live performance, but also energetic and fun.",1,0,0,0,1,0,0,0,0,0,0,0,0,0,0,0,0,0,0,0,0,0,0,0,0,1,0,1,0,1
2SI_uNBcSyw,This is the nightcore version of a rock music piece. There is a distorted electric guitar sound playing the main melody and a bass guitar in the background. The rhythm consists of a slightly fast-paced and hard-hitting rock acoustic drum beat. The atmosphere is rebellious. This piece could be used in the soundtrack of an anime.,0,0,0,0,0,0,0,0,0,0,1,0,0,0,1,0,0,0,0,0,0,0,0,0,0,0,0,0,0,0
2unse6chkMU,"This is a piece that would be suitable as calming study music or music for sleeping. It features a relaxing and soothing motif on the piano, being backed by a distant, high pitched and sustained violin.",0,0,0,0,0,0,0,0,0,0,0,0,0,0,0,0,1,0,0,0,0,0,0,0,0,0,0,0,0,0
3m4QSVVBMss,"The low quality recording features a pop song that consists of seductive female vocal singing over arpeggiated synth lead melody, pulsating synth keys, sustained synth melody, punchy kick, claps, simple hi hats and groovy bass that glues everything together. It sounds a bit muffled, probably because of the quality of the mix.",1,0,0,0,0,0,0,0,0,0,0,0,0,0,0,0,0,0,0,1,0,0,0,0,0,0,0,1,0,1
-7wUQP6G5EQ,"The low quality recording features a renaissance music that consists of soft wooden percussion and mellow, harmonized flute melody playing on top of it. The recording is a bit noisy, but it also sounds soulful, mellow, passionate, emotional and vintage - It really puts the listener in a period of renaissance.",1,0,1,1,0,1,0,0,0,0,0,0,0,0,0,0,0,0,0,0,0,0,0,0,0,0,0,0,0,0
55qucu8Zs_I,"The low quality recording features a passionate female vocal, alongside harmonizing vocals, singing over wooden percussion, playing as the background music, while there are birds chirping, cows mooing and metallic impacts sounds. The recording is mono and noisy.",1,0,0,0,0,1,0,0,0,0,0,0,0,1,0,0,0,0,0,0,0,0,0,0,0,0,0,0,0,0
17AtKbQ7glU,"The song is an instrumental soundtrack. The tempo is medium with a string section harmony, horn section, flutes playing , violins playing and lower harmony played judiciously. The song is haunting and full of suspense. The song is a vintage suspense movie soundtrack.",0,1,1,0,0,0,0,0,0,0,0,0,0,0,0,0,0,0,0,0,0,1,0,0,0,0,0,0,0,0
-U16iKiXGuY,"The low quality recording features a live performance of a R&B song that consists of a mellow piano melody and an emotional female vocal singing over it. There are some noises in the recording, alongside lip smack noise.",1,0,0,0,0,1,0,0,0,1,0,0,0,0,0,0,0,0,0,0,0,0,0,0,0,0,0,0,0,0
1FU5odlgLmo,"This music is a pensive instrumental.The tempo is medium with a melancholic cello, rhythmic ukulele and a percussion instrument. The song is pensive, contemplative, meditative, melancholic ,solemn and dreamy.",0,1,1,0,0,0,1,0,0,0,0,0,0,0,0,0,0,0,0,0,0,0,0,0,0,0,0,0,0,0
2wZCoeq9Ppc,"The low quality recording features a harmonizing woodwinds melody playing. The recording is noisy, in mono and it sounds happy and fun.",1,0,0,0,0,1,0,0,0,0,0,0,0,1,0,0,0,0,0,0,0,0,0,0,0,0,0,0,0,0
62C6TngDeXI,Someone is playing fast paced traditional Irish song on a accordion while stomping his foot. This song may be playing live on a traditional event.,0,0,0,0,0,0,0,0,0,0,0,0,0,0,0,0,0,0,0,0,1,0,0,0,0,0,0,0,0,0
8kx5ST65Fog,"The low quality recording features a live performance of a folk song and it consists of a metallic percussive melody, wooden percussions, acoustic guitar melody and flute melody. It sounds soulful, upbeat and passionate and the recording is noisy.",1,0,0,1,0,1,0,0,0,1,0,0,0,0,0,0,0,0,0,0,0,0,0,0,0,0,0,0,0,0
2umjh27MkjU,This song features a male voice singing the main melody. This is accompanied by other male voices singing backing vocals in harmony. The bass plays the root notes of the chords. A synth plays a melody similar to the backing voices and continues to play even when the main voice sings. The synth has an accordion voice. This is accompanied by programmed percussion playing a Latin dance beat. The mood of this song is romantic. This song can be played in a dance party.,0,0,0,0,0,0,0,0,1,0,0,0,0,0,0,0,0,0,0,0,0,0,1,0,0,0,0,0,0,0
APTh9uhf7WQ,This is the live recording of a dubstep performance. The DJ is performing the beat on a MIDI control panel. There is an ever-changing synth sound that plays the melody and also provides the strong and fuzzy bass. The rhythmic background consists of an aggressive electronic drum sound. The atmosphere is loud and energetic. This piece could be played at rave parties and at nightclubs.,0,0,0,0,1,0,0,0,0,1,0,0,0,0,0,0,0,0,0,0,0,0,0,0,0,0,0,0,0,0
AU1l1i0H0j0,"The song is an instrumental. The song is medium tempo with a groovy bass line, techno drumming rhythm, keyboard synth string accompaniment and other percussive hits. The song is energetic and passionate. The song is a techno dance tune and has poor audio quality,",0,0,1,1,1,0,1,0,0,0,0,0,0,0,0,0,0,0,0,0,0,1,0,1,0,0,0,0,0,0
15CZ2h5VL-A,"This amateur recording features a shaker being played continuously. A cajon is played. After about two bars, the sound of the cajon changes to a more open sound. This video is an instrumental. There are no voices in this song. This song can be played as an instruction for cajon players.",0,1,0,0,0,0,0,1,0,0,0,0,0,0,0,0,0,0,0,0,0,0,0,0,0,0,0,0,0,0
ALVS3Q_jNaU,"This is the recording of a jazz reggae concert. There is a saxophone lead playing a solo. There is a keyboard and an electric guitar playing the main tune with the backing of a bass guitar. In the rhythmic background, there is an acoustic reggae drum beat. The atmosphere is groovy and chill. This piece could be playing in the background at a beach. It could also be included in the soundtrack of a summer/vacation/tropical themed movie.",0,0,0,0,0,0,0,0,0,1,1,0,0,0,1,1,0,0,1,0,0,0,0,0,0,0,0,0,0,0
1RhYdQnZ_hw,"This is an amateur vocal cover of a pop music piece. There is a teen female vocalist singing melodically. On the backing track, an acoustic guitar is heard playing the main theme while an acoustic sounding drum track is playing the rhythmic background. The atmosphere is melancholic.",0,0,1,0,0,0,0,0,0,0,0,0,1,0,0,0,0,0,0,0,0,0,0,0,0,0,0,0,0,0
07xGXxIHOL4,"A male vocalist sings this soft love song. The tempo is slow with a romantic piano accompaniment, groovy bass line, steady drumming and ambient saxophone harmony. The song is a romantic, emotional, mellow, sentimental, proposal or wedding song. This song is a R&B/Soul song.",0,0,1,0,0,0,0,0,1,0,0,0,0,0,0,0,0,0,0,0,0,0,0,0,0,0,0,0,0,0
6VJ_auuKzss,"A female vocalist sings this enthusiastic pop. The tempo is fast with an energetic and punchy drumming, synthesiser arrangements and flute melody. The song is youthful, enthusiastic, upbeat, vivacious, vibrant with a dance groove. This song is contemporary pop.",0,0,0,0,0,0,0,0,0,0,0,1,0,0,0,0,0,0,0,1,0,0,0,0,0,0,0,0,1,0
AVsNJgR_K6w,This is a congregational singing performance performed at a Christian church. Male and female voices from all age groups are singing together in this piece. The atmosphere is religious. This piece could be used in the soundtrack of a gospel movie.,0,0,0,0,0,0,0,0,0,0,0,0,0,0,0,0,0,0,0,0,0,0,0,0,0,0,0,0,0,0
ABSLnckbB8w,This is an ambient house music piece. There is no singer in the music. There are various resonating synth sounds used with ambient sound effects. Electronic drum hits can be heard reverberating in the piece. The atmosphere is airy. The best use for this piece would be either as an advertisement jingle or as a background music for a tutorial/instructive video.,0,1,0,0,0,0,0,0,0,0,0,0,0,0,0,0,0,0,0,0,0,0,0,0,0,0,0,0,0,0
0u4gY1bBUwQ,"This music is a lively instrumental. The tempo is fast with a drum beat introduction, saxophone solo, piano solo, followed with lively harmony of the tenor sax and march like drumming. This piece is the song introduction. It is a lively, cheerful, happy, celebratory and youthful Western Classical.",0,1,0,0,1,0,0,0,0,0,0,1,0,0,0,0,0,0,0,0,0,0,0,0,0,0,0,0,1,0
ASgLbz48BaY,This song features an overdriven guitar being played. One single note is played with a vibrato. A metronome is playing in the background. There are no other instruments. There are no voices in this song. This song can be played in a guitar instruction video.,0,1,0,0,0,0,0,0,0,0,0,0,0,0,0,1,0,0,0,0,0,0,0,0,0,0,0,0,0,0
5pIdH6p3kuo,The low quality recording features a raw innocent girl vocal singing over sloppy acoustic rhythm guitar chords. It sounds passionate and the recording is noisy and in mono.,1,0,0,1,0,1,0,0,0,0,0,0,0,1,0,0,0,0,0,0,0,0,0,0,0,0,0,0,0,0
-5f6hjZf9Yw,This folk song features a male voice singing the main melody in an emotional mood. This is accompanied by an accordion playing fills in the background. A violin plays a droning melody. There is no percussion in this song. This song can be played at a Central Asian classical concert.,0,0,0,0,0,0,0,0,1,0,0,0,0,0,0,0,0,0,0,0,0,0,1,0,0,0,0,0,0,0
AtWf5OAE8aM,"Quirky, cheeky, jazzy music featuring a lead trombone melody, a triangle playing a swing pattern, a cheesy organ and a medium tempo.",0,0,0,0,0,0,1,0,0,0,0,0,0,0,0,0,0,0,0,0,0,0,0,0,0,0,0,0,0,0
2kY_ZG78V-g,"This is low quality audio and all instruments are not heard clearly. The main melody is played on a marimba. This is accompanied by a timpani. Another drum set is used to play percussion with the focus on the snare and hi-hat. After the marimbas pause, one marimba plays a soft melody. This song does not feature any vocals. This song can be played in a fantasy sequence in a movie.",0,0,0,0,0,0,0,0,0,0,0,0,0,0,0,0,0,0,0,0,0,0,0,0,0,0,0,0,0,0
6ieXDFjLKNo,"This audio is an instrumental playing in the background. The music is sinister and anticipatory of something bad. There are ambient sounds of nature like roaring, grunting, scuffling, wild boar squealing,birds chirping loudly and painful cries, indicative that this is an animal being hunted.",0,1,0,0,0,0,0,0,0,0,0,0,0,0,0,0,0,0,0,0,0,0,0,0,0,0,0,0,0,0
3Z74i_FWs3o,This is a shuffle music piece. It opens with a dissolving sound effect that signals that a drop is about to start. The dialing sound effects of a buttoned telephone can be heard. It mostly consists of electronic sounds that could be influenced by drum & bass.,0,0,0,0,0,0,0,0,0,0,0,0,0,0,0,0,0,0,0,0,0,0,0,0,0,0,0,0,0,0
9YnYlDFKn-U,"Live, amateur recording of record scratching over an instrumental old-school hip hop beat.",0,1,0,0,0,0,0,1,0,0,0,0,0,0,0,0,0,0,0,0,0,0,0,0,0,0,0,0,0,0
5JRvGMTjEzQ,This is an acoustic performance of a Vietnamese ballad music piece. There is a male vocalist singing gently while playing a mellow tune on the acoustic guitar. The atmosphere is sentimental and melancholic. This piece could be playing in the background at a Vietnamese coffee shop.,0,0,0,0,0,0,0,0,0,0,0,0,1,0,0,0,0,0,0,0,0,0,0,0,0,0,0,0,0,0
3FJFcgaa0oE,This funk song features a male voice singing the main melody. The melody is repetitive. This is accompanied by percussion that does not play any cymbals. A trumpet plays a repetitive melody of staccato notes. There are other quirky instruments playing in the background adding to the percussion. The mood of this song is upbeat. This song can be played in a bank robbery movie.,0,0,0,0,0,0,0,0,0,0,0,0,0,0,0,0,0,0,0,0,0,0,1,0,0,0,0,0,0,0
-FFx68qSAuY,This is a punk rock music piece. There are male vocals singing in a grunt-like manner. The melody is being played by an electric guitar while a bass guitar plays in the background. The rhythm consists of a slightly fast-paced rock acoustic drum beat. The piece has an aggressive atmosphere. It could be used in the soundtrack of an action-filled video game.,0,0,0,0,0,0,0,0,0,0,0,0,1,0,1,1,0,0,0,0,0,0,0,0,0,0,0,0,0,0
0trWdhSvab4,"Male singers sing this vocal harmony. The song is medium fast tempo with a groovy bass line, steady drumming rhythm, piano accompaniment and guitar rhythm. The song is devotional and congregational. The song is a classic Christian praise hit.",0,0,0,0,0,0,0,0,0,0,0,0,0,0,0,0,0,0,0,0,0,1,0,0,0,0,0,0,0,0
35b9UHjagaI,This is a TV series theme. It is an instrumental piece. There is a melody being played on an acoustic guitar. There are various percussive elements in this piece. The piece is mostly rhythmic and there is an eccentric feel to it. This piece could be used as an accompaniment piece in a latin dance course.,0,1,0,0,0,0,0,0,0,0,0,0,1,0,0,0,0,0,0,0,0,0,0,0,0,0,0,0,0,0
5gh5H0QqJl0,Here we have a pop R&B song with a piano arpeggio and guitar strumming as the lead melodic components in the instrumental. A rapper then utters a few words in his raspy and strong voice. We then hear subtle soulful backing vocals. The song is emotional.,0,0,0,0,0,0,0,0,0,0,0,0,0,0,0,0,0,0,0,0,0,0,0,0,0,0,0,0,0,0
9ZryMX2UtAo,This is a country music piece. There is a female vocalist singing melodically in the lead. The electric guitar is playing a simple tune with occasional fiddle tunes adding texture. The bass guitar is playing a simple bass line. There is a basic rock acoustic drum beat in the rhythmic background. It has a normal tempo. The atmosphere is easygoing. This piece could be used in the soundtrack of a teenage drama movie/TV series. It could also be used as an advertisement jingle.,0,0,0,0,0,0,0,0,0,0,1,0,0,0,1,1,0,0,0,0,0,0,0,0,0,0,0,0,0,0
1O4LpU7HggY,"This clip features a male voice narrating about guitars. In the background, an acoustic guitar is strumming chords and picking notes used as fills. The mood of the song is happy and uptempo. There are no other instruments in this song. This song can be played in a romantic mood. This audio can be used in a guitar promotional video.",0,0,0,0,0,0,0,0,0,0,0,0,0,0,0,0,0,0,0,0,0,0,1,0,0,0,0,0,0,0
7pYavsK9sPg,"The low quality recording features a reggae song that consists of a fruity male vocal singing over shimmering hi hats, groovy bass, organ keys, chords, claps and male vocal chants. It sounds addictive, groovy and muddy, due to the poor quality of the mix.",1,0,0,0,0,0,0,0,0,0,0,0,0,0,0,0,0,0,1,0,0,0,0,0,1,0,0,1,0,0
0VwX92X3iPc,This audio contains a female voice speaking in a relaxed and sensual sounding way while you can hear the sound of scratching on a surface.,0,0,0,0,0,0,0,1,0,0,0,0,0,0,0,0,0,0,0,0,0,0,0,0,0,0,0,0,0,0
AHrUfa2H_5s,A male voice is singing in the mid-range with a lot of vibrato on some notes along with a shrutibox playing one chord. Here and there you can hear some hits of a tabla. The recording is full of voices talking in the background. This seems to be an amateur recording. This song may be playing at a concert with people sitting in chairs.,0,0,0,0,0,0,0,0,0,0,0,0,0,0,0,0,0,0,0,0,0,0,0,0,0,0,0,0,0,0
A2pgKzeDRqg,A male singer sings this Latin dance melody. The tempo is fast with a harpist playing fast passages with an acoustic guitar strumming rhythm. The song is emotional and energetic. The audio quality is bad with ambient Street noises and high gain.,0,0,1,0,0,0,0,0,0,0,0,1,1,0,0,0,0,0,0,0,0,1,0,0,0,0,0,0,1,0
-7B9tPuIP-w,"A male voice narrates a monologue to the rhythm of a song in the background. The song is fast tempo with enthusiastic drumming, groovy bass lines,cymbal ride, keyboard accompaniment ,electric guitar and animated vocals. The song plays softly  in the background as the narrator speaks and burgeons when he stops. The song is a classic Rock and Roll and the narration is a Documentary.",0,0,0,0,0,0,0,0,0,0,0,0,0,0,0,1,0,0,0,0,0,0,0,0,0,0,0,0,0,0
7DIPyJB4osY,"The low quality recording features a live performance of groovy wooden percussion. There is a wooden impact in the form of a wooden stick falling on the floor - which is a part of the groove. The recording is a bit noisy, due to a ventilation system, which also makes it very intimate.",1,0,0,0,0,1,0,0,0,1,0,0,0,0,0,0,0,0,0,0,0,0,0,0,0,0,0,0,0,0
-JVWfFPBl84,"This audio clip features the sound produced at a particular frequency by a Tibetan singing bowl. This produces a continuous ringing sound. Toward the end of the clip, some other animal sounds can be heard. There are no other instruments in this song. This song can be played at a meditation center.",0,1,0,0,0,0,0,0,0,0,0,0,0,0,0,0,0,0,0,0,0,0,0,0,0,0,0,0,0,0
7e46Hfy5j8g,"The low quality recording features a trance song that consists of ambient wide synth pad chords, growly synth bass, another layer of synth bass stab and echoing female vocals over it. It sounds mystical, hypnotic and exciting.",1,0,0,0,0,0,0,0,0,0,0,0,0,0,0,0,0,0,0,0,0,0,0,0,0,0,0,0,0,0
AcX1B_Pr-RQ,"The low quality recording features a reggae song sung by low flat male vocals, followed by repetitive synth lead melody, groovy bass, vocal chants, claps, punchy kick hits, shimmering hi hats and open hats. It sounds energetic, suspenseful and it is in mono. At one point the vocal cracks and it sounds out of tune for a split second.",1,0,0,0,1,0,0,0,0,0,0,0,0,1,0,0,0,0,0,0,0,0,0,0,1,0,0,1,0,1
4QJktFv916o,"The low quality recording features a metal song that consists of female opera vocal singing over double pedal kick, punchy snare, energetic cymbals, wide electric guitar melody and groovy bass guitar. It sounds aggressive, energetic and upbeat.",1,0,0,0,1,0,0,0,0,0,0,0,0,0,0,0,0,0,0,0,0,0,0,0,0,1,0,1,0,0
-WvVG0wHcTc,"The low quality recording features a classical live performance of sustained violin melody, shimmering hi hats, electric guitar melody, theremin solo melody and subtle female vocals at the end of the loop. There are some crowd clapping sounds in the background. It is noisy, in mono and it sounds passionate and emotional.",1,0,1,1,0,1,0,0,0,1,0,0,0,1,0,0,0,0,0,0,0,0,0,0,1,0,0,0,0,0
7FkuqqdWRhw,This is a pop R & B song with an electronic influence. We hear layers of synths driving the melodic component of the instrumental. The first synth has a repeated rapid motif that has the same beeping tone as a video game. The second synth is fuzzy and sustained.,0,0,0,0,0,0,0,0,0,0,0,0,0,0,0,0,0,0,0,0,0,0,0,0,0,0,0,0,0,0
5at69yM1PoU,"The low quality recording features a sustained didgeridoo melody played over quiet, shimmering shakers and wooden percussion. It sounds intense and suspenseful.",1,0,0,0,0,0,0,0,0,0,0,0,0,0,0,0,0,0,0,0,0,0,0,0,0,0,0,0,0,0
91Qp8XUskXo,Someone is playing a shofar in a high frequency blowing overtones in the higher register before dropping into the high-mid range. At the end you can hear a backing track playing. This song may be playing at home while enjoying your instrument.,0,0,0,0,0,0,0,1,0,0,0,0,0,0,0,0,0,0,0,0,0,0,0,0,0,0,0,0,0,0
5a_Qxd4ECTo,"This music is an intense instrumental; the tempo is fast with atmospheric synthesiser,non-tertian harmonies , distal reverb and electronic sounds. The music is tense, sinister, suspenseful, futuristic, psychedelic and alien. This music is Futurepop.",0,1,0,0,0,0,0,0,0,0,0,1,0,0,0,0,0,0,0,0,0,0,0,0,0,0,0,0,0,0
1QFli7KSXAQ,"The Rock song features a passionate male vocalist singing over wide electric guitar melodies, groovy bass guitar, shimmering cymbals, groovy toms, punchy snare and kick hits. It sounds energetic, passionate, emotional and loud.",0,0,1,1,1,0,0,0,0,0,0,0,0,0,0,0,0,0,0,0,0,0,0,0,0,1,1,0,0,1
-cQ-jUTEgck,This is a live performance of a southern rock piece. There is an electric guitar playing a blues solo. There is a bass guitar playing in the background. The rhythm is being played by the acoustic drums. The atmosphere is groovy. This piece could be playing in the background at a rock bar.,0,0,0,0,0,0,0,0,0,1,1,0,0,0,1,1,0,0,1,0,0,0,0,0,0,0,0,0,0,0
67S7s_jFXhc,"A male singer sings this hip hop melody with backup singers in vocal harmony. The song is medium tempo with a groovy drum rhythm, steady bass line and a grunge keyboard harmony. The song is exciting and energetic. The song has average audio quality.",0,0,1,0,0,0,0,0,0,0,0,0,0,0,0,0,0,0,0,0,0,0,0,0,0,0,0,0,0,0
3gh1oldZ7Zc,This song features a female voice singing the main melody. This is accompanied by a guitar playing arpeggiated chords. A wind instrument plays fills in between lines. There is no percussion in this song. This song has a romantic mood. This song can be played in a romantic movie.,0,0,0,0,0,0,0,0,1,0,0,0,1,0,0,0,0,0,0,0,0,0,0,0,0,0,0,0,0,0
6iZ49s7eH5g,"The Rock song features a groovy piano melody followed by passionate electric guitar melody, church organ chord progression, strummed acoustic rhythm guitar chords, shimmering cymbals, punchy snare and mellow kick hits. It sounds emotional, soulful and passionate.",0,0,1,1,0,0,0,0,0,0,0,0,0,0,0,0,0,0,0,0,0,0,0,0,0,1,1,0,0,0
5hyRWertUbI,"A trashy, lo-fi sounding experimental techno track with a steady tempo and shrill, metallic sounds. The mood is cold and distant. Everything sounds a little broken.",0,0,0,0,0,0,0,0,0,0,0,0,0,0,0,0,0,0,0,0,0,0,0,0,0,0,0,0,0,0
6-CMq6xw0fg,"The low quality recording features a pop song that consists of harmonizing male vocals singing over groovy bass, shimmering cymbals, ""4 on the floor"" kick pattern, claps, addictive synth brass melody and distorted, buzzy synth lead. It sounds energetic, happy and fun - like something you would hear on TV commercials.",1,0,0,0,1,0,0,0,0,0,0,0,0,0,0,0,0,0,0,1,0,0,0,0,0,0,0,1,0,0
5mmUQUwr6tI,"This music is instrumental. The tempo is fast with an animated piano harmony of Jingle Bells. The music is upbeat, cheerful, happy, fun, joyful and vivacious.",0,1,0,0,0,0,0,0,0,0,0,1,0,0,0,0,0,0,0,0,0,0,0,0,0,0,0,0,0,0
7TmKzUgWiRU,"This is a multi track audio. There are several things happening. There’s an energetic song in the background with enthusiastic vocals, drumming and trumpets. There’s a loud whirring of an engine, like a chain saw, beeps and a phone dial tone. The audio is loud, confusing, chaotic, boisterous,unrelated , noisy, loud, dissonant  and unpleasant.",0,1,0,0,0,1,0,0,0,0,0,1,0,0,0,0,0,0,0,0,0,0,0,0,0,0,0,0,0,0
AZsupJ68Hp0,"The song is instrumental music. The tempo is medium tempo with a piano bass note playing rhythmically, along with piano accompaniment, a violin playing a high pitched drone along with pizzicato violins. The song is tense and includes ambient Street noises like birds chirping and cups rattling. The song is a movie soundtrack for a specific scene.",0,0,1,1,0,0,1,0,0,0,0,0,0,0,0,0,0,0,0,0,0,0,0,1,0,0,0,0,0,0
8MbxazeMw2E,"A female vocalist sings this loud chant like folk song in a foreign language. The tempo is medium fast with vocal backup, rhythmic small hand cymbals and xylophone like instruments. The audio quality is inferior so the music is incoherent. This song is a live performance or concert with ambient sounds. The song is loud, lilting, chant-like, meditative, droning, hynoptic, melodious and classical. This song is a Classical Laos Folk song.",0,0,0,0,0,0,0,1,0,1,0,0,0,0,0,0,0,0,0,0,0,0,0,0,0,0,0,0,0,0
9ziKfjHWqZ0,"The low quality recording features a gospel song that consists of harmonizing mixed choir singing. The recording is noisy, in mono and it sounds passionate, joyful, soulful and reverberant.",1,0,0,1,0,1,0,0,0,0,0,0,0,1,0,0,0,0,0,0,0,0,0,0,0,0,0,0,0,0
-BIMKnb3tlo,"This is a Hindustani classical music piece. There is a harmonium playing the main tune. A bansuri joins in to play, supporting a melody every now and then. The rhythmic background consists of the tabla percussion and the electronic drums. The atmosphere of the piece is joyful.",0,0,0,0,0,0,0,0,0,0,0,0,0,0,0,0,0,0,0,0,0,0,0,0,0,0,0,0,0,0
3KQy3Cajo4E,"A male singer sings this popular country hit with backup singers in vocal harmony. The song is in medium tempo with a walking bass , acoustic guitar strumming rhythmically, autoharp accompaniment and steady drumming rhythm. The song is an emotional and nostalgic country hit. The audio quality is poor.",0,0,0,0,0,0,1,0,0,0,0,0,0,0,0,0,0,0,0,0,0,0,0,0,0,0,0,0,0,0
7MuFNZHhrOE,"This is the gameplay recording of a video game. A lot of sound effects such as jumping, swinging and shouting related to the video game can be heard. There is an orchestra playing the theme that is composed of strings, brass and percussion. The atmosphere is dramatic and adventurous. Samples from this recording could be used in soundboards or in beat-making.",0,0,0,0,0,0,0,0,0,0,0,0,0,0,0,0,0,0,0,0,0,0,0,0,0,0,0,0,0,0
3UHHjbO0ThM,This audio contains an acoustic drum set playing fast snare rolls and then adding in a kick on every beat along with some crash hits. A synthesizer is playing a fast lead melody in the upper register. Then the song breaks into the next part and a brass/string section is playing a melody changing note on every beat together with the kick. This song may be playing for a fast paced video-game.,0,0,0,0,0,0,0,0,0,0,1,1,0,0,0,0,0,0,0,0,0,0,0,0,0,0,0,0,0,0
5xAzHL8Zlcs,This audio contains a male voice talking. Then a short section of an orchestra is playing with a brass section and a lot of percussive hits. It instantly changes to someone playing a long note on a horn in a higher key. This is an amateur recording and may be playing during a documentary.,0,0,0,0,0,0,0,1,0,0,0,0,0,0,0,0,0,0,0,0,0,0,0,0,0,0,0,0,0,0
75_dMqpSM4o,This song features a male voice singing the main melody. The quality of recording is low. The musical instruments are not clearly distinguishable. The voice is accompanied by simple percussion playing in common time. The bass plays a soul type groovy bassline. This song is romantic. This song can be used in a romantic movie.,0,0,0,0,0,0,0,0,0,0,0,0,0,0,0,0,0,0,0,0,0,0,1,0,0,0,0,0,0,0
6II4JGJDyZo,"The low quality recording features a compilation of recordings where the first recording in the loop is a live performance that's distorted, loud and in mono. The second part of the recording is very noisy and it features bright bells, some resonating sounds and it sounds weird.",1,0,0,0,0,1,0,0,0,1,0,0,0,1,0,0,0,0,0,0,0,0,0,0,0,0,0,0,0,0
40D4L5Ndi6k,"A male vocalist sings this animated song in a foreign language. The tempo is fast with a bright applied violin accompaniment, lively drumming, groovy bass line, tambourine beats, rhythmic mandolin and acoustic guitar accompany net. The song is lively, energetic, vibrant, happy, vivacious and merry with a dance groove. This song is a Folk Pop/Regional Pop.",0,0,0,0,1,0,0,0,0,0,0,1,1,0,0,0,0,0,0,1,0,0,0,0,0,0,0,0,1,0
4q6e_ZDFOZI,"This is a Christmas themed jingle piece. There is a little girl singing sentimentally at a medium-to-high pitch. In the melodic background, treble strings play the tune while the cello holds the bass notes with rhythm. There is also a passing section of wind chimes. A male voice makes a brief comment over the girl's singing. This could be used in Christmas themed social media content.",0,0,1,0,0,0,0,0,0,0,0,0,0,0,0,0,0,0,0,0,0,0,1,0,0,0,0,0,0,0
54yI3In3DrU,The low quality recording features a classical song that consists of an arpeggiated strings melody and mellow woodwind melody playing in the background. It sounds emotional and passionate.,1,0,1,1,0,0,0,0,0,0,0,0,0,0,0,0,0,0,0,0,0,0,0,0,0,0,0,0,0,0
AFwtBviVhhM,"This song is an instrumental. The tempo is medium with an enthusiastic electric guitar solo. There are no other instruments used. The guitar riff is loud, enthusiastic and youthful.",0,1,0,0,1,0,1,0,0,0,0,0,0,0,0,0,0,0,0,0,0,0,0,0,0,0,0,0,0,0
6XHdybfV5Cw,"This is a pop punk music piece. The male vocals are singing melodically. Initially, there is a clean sounding electric guitar playing the main melody. Then, a rising pattern starts to play and the distorted electric guitar takes the place of the clean electric guitar. The bass guitar is playing in the background. The rhythm is provided by an upbeat acoustic drum beat. The atmosphere is hard-hitting. This piece can be used in the soundtrack of a teenage drama as the opening theme.",0,0,0,0,0,0,0,0,0,0,1,0,0,0,1,0,0,0,0,0,0,0,0,0,0,0,0,0,0,0
614LdgrE13A,"This song features the sound of glass being shattered. There are no voices in this clip. A synth plays a backing sound and holds the chord for the duration of the clip. Toward the end, the sound of wind is played. There are no other instruments in this clip.",0,1,0,0,0,0,0,0,0,0,0,0,0,0,0,0,0,0,0,0,0,0,0,0,0,0,0,0,0,0
-r7iz-9v9bA,This song features a female voice singing in opera style using only vocables and no words. This is accompanied by violins playing eighth note patterns that change according to the chords being played. The bass follows the root notes of the chords. A muted guitar or string instrument plays arpeggiated chords. This song can be played in a fantasy game.,0,0,0,0,0,0,0,0,1,0,0,0,0,0,0,0,0,0,0,0,0,0,0,0,0,0,0,0,0,0
4LZSSya3ZZQ,The low quality recording features a flat male vocal talking over an acoustic guitar solo melody playing in the background. It sounds like a tutorial and the recording is in mono.,1,0,0,0,0,0,0,0,0,0,0,0,0,1,0,0,0,0,0,0,0,0,0,0,0,0,0,0,0,0
8Ha5qGnT7lg,"The low quality recording features a soul instrumental that consists of a mellow arpeggiated acoustic guitar melody, shimmering tambourine and soft low tom hits in the background. There are some guitar strings crackle sound effects and at the end of the loop there is a sustained string swell. The recording is noisy and muddy, but it sounds emotional.",1,1,1,0,0,1,0,0,0,0,0,0,0,0,0,0,0,0,0,0,0,0,0,0,0,0,0,0,0,0
2_kLD3IbF2c,"This song contains background noises such as a goat sound, wind blowing and very low horns blowing one note. Then the music comes in with a string section playing a short stroke melody. This song may be playing in a war/adventure video-game.",0,0,0,0,0,0,0,0,0,0,0,0,0,0,0,0,0,0,0,0,1,0,0,0,0,0,0,0,0,0
A2WdjyKQ57A,This is the live performance of a classical music piece. The piece is being performed with a harpsichord. It is in the minor key. The piece is medieval sounding. It could fit perfectly in the soundtrack of a historical drama that takes place in the medieval era.,0,0,0,0,0,0,0,0,0,1,0,0,0,0,0,0,0,0,0,0,0,0,0,0,0,0,0,0,0,0
4X2aUZFZlzc,A digital drum is playing a monotone beat with a kick on every beat along with a repeating voice sample. In the next song a wide synth pad is playing a string sound while a female voice sample is singing a melody. These songs may be playing in a techno club.,0,0,0,0,0,0,0,1,0,0,0,1,0,0,0,0,0,0,0,0,0,0,0,0,0,0,0,0,0,0
-SD43H5B5hE,There is a low sound that reminds of a heartbeat rising in tempo before a splash-like metallic sound with reverb comes in and breaks the atmosphere in half. This audio may be used for a movie scene. This audio is in poor quality.,0,0,0,0,0,0,0,1,0,0,0,0,0,0,0,0,0,0,0,0,0,0,0,0,0,0,0,0,0,0
5ZX9Ig7XXsw,"The Soul/R&B song features a passionate male vocal singing over shimmering hi hats, energetic crash cymbals, wide acoustic rhythm guitar melody, shimmering shakers, snappy snare, piano chords and mellow bass. It sounds passionate and romantic - like something you would sing to your partner.",0,0,0,1,0,0,0,0,0,0,0,0,0,0,0,0,0,0,0,0,0,0,0,0,1,0,0,0,0,0
7FHzw4HV75Y,"The Regional Mexican song features a soft piano melody, rhythm acoustic guitar, smooth bass, addictive brass melody and passionate male vocal singing on top of it. It sounds soft, mellow, passionate and emotional.",0,0,1,1,0,0,0,0,0,0,0,0,0,0,0,0,0,0,0,0,0,0,0,0,0,0,0,0,0,0
6o6DsSnbpxE,This song contains a male voice singing sounding sad. Drum and percussion are playing a reggae rhythm along with two e-guitars playing. One a melody panned to the right side of the speakers and another short rhythmic strokes as a rhythmic element. The bass is playing its own melody. This song may be playing at a live concert.,0,0,0,0,0,0,0,0,0,0,0,0,0,0,0,0,0,1,0,0,0,0,0,0,0,0,0,0,0,0
6L8066DGqcA,"This is a hip-hop beat. There is a turntable scratching sound and a hollering sample constantly repeated in the beat. Later on, a synth sound can be heard taking part in the melodic structure. The rhythm is provided by an electronic drum beat. The atmosphere is hip and aggressive.",0,0,0,0,0,0,0,0,0,0,0,0,0,0,0,0,0,0,0,0,0,0,0,0,0,0,0,0,0,0
66B46E_hrrk,"The song is an instrumental. The tempo is medium with a groovy drumming rhythm, percussive bass line, keyboard accompaniment and various percussive and sonic effects. The song is youthful and exciting with a trance element. The song is a modern tench pop dance tune.",0,0,0,1,0,0,1,0,0,0,0,0,0,0,0,0,0,0,0,0,0,0,0,0,0,0,0,0,1,0
2cxvYC9QZac,"A male singer sings this passionate melody. The song is medium tempo with Latin percussion, guiro percussions, guitar rhythm, piano accompaniment and guitar rhythm. The song is romantic and spirited. The song is a Latin dance song with poor audio quality.",0,0,1,1,0,0,1,0,0,0,0,0,0,0,0,0,0,0,0,0,0,1,0,0,0,0,0,0,0,0
2zo5z1I0CeM,This pop song is sung by a female children's choir. The voices are soprano and alto. The soprano voice sings high pitch notes in vocals. The alto voices sing the words in parts. This is accompanied by the bass playing the root notes of the chords. A piano plays arpeggiated chords. The mood of this song is sad. This song can be played in a movie scene about reminiscing the past.,0,0,0,0,0,0,0,0,1,0,0,0,0,0,0,0,1,0,0,0,0,0,0,0,0,0,0,0,0,0
AI9P6HoiJy8,Male and female singers sing this heavenly harmony . The song is slow tempo with a vocal four part harmony created by a choral section. The harmony is ethereal and emotional. The music is highly relaxing and pleasing.,0,0,1,0,0,0,0,0,1,0,0,0,0,0,0,0,0,0,0,0,0,0,0,0,0,0,0,0,0,0
2OI4QeokeRQ,This is a country music piece. There is a female vocalist singing melodically as the lead at a medium-to-high range. A mandolin is playing the main theme while being backed by a bass guitar. The rhythmic background consists of a simple 4/4 acoustic drum beat.,0,0,1,0,0,0,1,0,0,0,1,0,0,0,1,0,0,0,0,0,0,0,0,0,0,0,0,0,0,0
2FQKfGCwjSE,"The song has different music tracks played in succession. The song has guitar accompaniment and a groovy bass followed by female singer singing vocal chants with male backup singer in vocal harmony, on a groovy drum rhythm and keyboard harmony with white noise added. The song is probably an ad jingle.",0,0,0,1,0,0,1,0,0,0,0,0,0,0,0,0,0,0,0,0,0,0,0,0,0,0,0,0,0,0
0M7nETLOsKQ,"The Pop song features a passionate male vocal singing over mellow piano chords. It sounds passionate, emotional, mellow and soft.",0,0,1,1,0,0,0,0,0,0,0,0,0,0,0,0,0,0,0,1,0,0,0,0,0,0,0,0,0,0
6k6tF0s0lNs,This audio contains someone playing a very distorted e-guitar melody in the midrange. This song may be playing guitar at home.,0,0,0,0,0,0,0,1,0,0,0,0,0,0,0,0,0,0,0,0,0,0,0,0,0,0,0,0,0,0
1hWAOReJehw,This song contains an accordion playing a fast melody along with a female voice singing her own melody with a lot of vibrato and sliding down tones. A tabla is playing a rhythm. Everybody seems  to make their own thing. So this can be considered a complex composition. This song may be playing live with people listening and sitting on the floor.,0,0,0,0,0,0,0,0,0,0,0,0,0,0,0,0,0,0,0,0,0,0,0,0,0,0,0,0,0,0
1bSP4wLfMpA,"A cello section is playing a short stroke melody with the bow while other strings, probably violins are playing a one note drone in a high key. Timpani hits and rolls are adding depth to the musical scenario. In the background you can hear sound effects opening up the soundscape for a deeper male voice screaming/crying along to a chainsaw sound. This song may be playing in a movie scene where someone is getting tortured.",0,0,0,0,0,0,0,0,1,0,0,0,0,0,0,0,0,0,0,0,0,0,0,0,0,0,0,0,0,0
5tRNPTLRZqI,"This is the live performance of a wedding music piece on the steel drum percussion. There is a unique feel to it. The recording has a gain issue that makes the drums give a peak noise during accented notes. If that could be resolved, it would make perfect wedding music in a tropical setting.",0,1,0,0,0,0,0,0,0,1,0,0,0,0,0,0,0,0,0,0,0,0,0,0,0,0,0,0,0,0
7IndxxjZe1c,"70's jazz fusion featuring an eccentric male singer accompanied by drum kit, electric bass, electric piano and mallet percussion all playing odd meters and complex rhythms and staccato band hits. The music is quirky and complicated and features a drum fill.",0,0,0,0,0,0,0,0,0,0,0,0,0,0,0,0,0,0,0,0,0,0,0,0,0,0,0,0,0,0
9r01cpNx2vk,"The song is an acapella cover of a game theme song. The song is medium tempo with no instrumentation by different male vocals engaging in different vocal mimicry of actual instruments, like bass line, melody , percussion and harmony tones. The song is cheerful and amateurish in production. The song is a cover of a popular game theme.",0,0,0,0,0,0,1,1,0,0,0,0,0,0,0,0,0,0,0,0,0,0,0,0,0,0,0,0,0,0
5_orEetudIA,"The low quality recording features a manically played piano melody over punchy kick and snare hits, followed by uptempo hi hats and shimmering open hats. It sounds aggressive, mani and thin, as it lacks low frequencies.",1,0,0,0,0,0,0,0,0,0,0,0,0,0,0,0,0,0,0,0,1,0,0,0,0,1,0,0,0,1
58JwiVM8bYM,This song contains acoustic drums playing a repetitive groove along with a bassline. A e-guitar with a chorus effect is playing a repeating melody. In the background you can hear shouting sounds and goose noises. This song may be playing while playing video-games.,0,0,0,0,0,0,0,0,0,0,1,0,0,0,0,0,0,1,0,0,1,0,0,0,0,0,1,0,0,0
0OYlHvyfNk4,This song sounds lightly uplifting. An e-bass is playing a repeating melody along with a guitar playing an almost melody at a higher key. Another acoustic guitar is strumming chords. The male voice is singing almost rapping/talking while backing voices are singing repeating the melody and phrases. This song may be playing outside on a bike on a sunny day.,0,0,0,0,0,0,0,0,0,0,1,0,0,0,0,0,0,1,0,0,1,0,0,0,0,0,0,0,0,0
B1va1NqaA4o,This rap song features a male voice rapping in a foreign language. This is accompanied by programmed percussion playing a simple beat. The bass plays the root note of the chord in sets of 3 strokes. The same note is played through the song in sets of three. A repetitive plucked synth sound is played in loop. Quirky sounds are heard in the background. This song has a defiant mood. This song can be played in a gangster movie.,0,0,0,0,0,0,0,0,0,0,0,0,0,0,0,0,0,0,0,0,0,0,1,0,0,0,0,0,0,0
4cg3MsrvJqw,"This is a traditional Chinese folk band playing  a variety of traditional chinese instruments. The erhu, which sounds much like a violin, is being played in harmony with the guqin to create a melody which the performers also sing. The percussion is done on a bongo-sounding drum. This  is a live performance, and we hear people speaking in the background.",0,0,0,0,0,0,0,0,0,0,0,0,0,0,0,0,0,0,0,0,0,0,0,0,0,0,0,0,0,0
3VTinB14Pmw,"The low quality recording features an ambient scraping synth lead playing. It sounds muddy, muffled, but also spacey and the recording is noisy and in mono.",1,0,0,0,0,1,0,0,0,0,0,0,0,1,0,0,0,0,0,0,0,0,0,0,0,0,0,0,0,0
21MgIcLN8Ow,The low quality recording features a didgeridoo melody being played. The recording is noisy and in mono.,1,0,0,0,0,1,0,0,0,0,0,0,0,1,0,0,0,0,0,0,0,0,0,0,0,0,0,0,0,0
4i9DgH80kDg,"This music is instrumental. The tempo is medium with an animated Banjo lead harmony. There is minimal instrumentation with cheerful ,popping vibrations of this beautiful instrument. It is lively ,spirited, cheerful and adds a beautiful layer to Country and Folk Songs.",0,1,0,0,0,0,1,0,0,0,0,0,0,0,0,0,0,0,0,0,0,0,0,0,0,0,0,0,0,0
3sRO6iwfUxo,A digital drum is playing a simple groove along with a melodic short sample. A saxophone sample is playing a long note in the background. A male voice is rapping with a lot of energetic/aggressive energy. In the background you can hear a male voice shouting for a moment. This song may be playing in a car.,0,0,0,0,0,0,0,0,1,0,0,0,0,0,0,0,0,0,0,0,0,0,0,0,0,0,0,0,0,0
-zA6LL78KYU,"The low quality recording features a folk song that consists of a passionate female vocal singing over harmonica solo, groovy bass, shimmering hi hats, punchy snare, boomy kicks, groovy electric guitar melody and some claps. It sounds passionate and joyful.",1,0,0,1,0,0,0,0,0,0,0,0,0,0,0,0,0,0,0,0,0,0,0,0,1,1,0,1,0,0
9dx9IhSqwC4,This audio contains two trombone players playing a warm melody. One in a higher key the other in a lower register. This song may be playing live listening to a performance in a theater.,0,0,0,0,0,0,0,0,0,0,0,0,0,0,0,0,0,0,0,0,0,0,0,0,0,0,0,0,0,0
40sAH2ZB0Pg,Someone is playing an acoustic guitar strumming chords on the backbeat along with a banjo doing the same. A slide guitar is playing a melody along. An upright bass is playing a simple bassline. Two female voices are singing as a duo. The second one creates harmony in the higher register. This song is an amateur recording. This song may be playing at a local event.,0,0,0,0,0,0,0,1,0,0,0,0,1,0,0,0,0,0,0,0,1,0,0,0,0,0,0,0,0,0
7_0g3tEcM0w,"This symphonic song starts off with a melody featuring a flute, marimba and violins. The mood of this song is happy. After three bars, a snare drum plays a marching beat. This is followed by a melody played on trumpets and trombone. There are no voices in this song. This song can be played at the intro of a movie.",0,0,0,0,0,0,0,0,0,0,0,0,0,0,0,0,0,0,0,0,0,0,0,0,0,0,0,0,0,0
07FxCXxknY4,This audio contains an acoustic guitar. The piece is played in fingerstyle. Meaning that the chords and the melody are played at the same time. The guitar has some reverb on it. This song may be playing live at an art gallery.,0,0,0,0,0,0,1,0,0,0,0,0,1,0,0,0,0,0,0,0,0,0,0,0,0,0,0,0,0,0
-FlvaZQOr2I,"The song is an instrumental. The song is medium tempo, with a horn and string section and a drum section playing to a crescendo, followed by a low frequency thumping rhythm. The song is an instrumental soundtrack for an animated show. The audio quality is poor.",0,0,0,0,0,0,1,0,0,0,0,0,0,0,0,0,0,0,0,0,0,1,0,1,0,0,0,0,0,0
04NjXsLyCl4,A loud cymbal sound is opening the space for a digital drum playing a simple groove when an e-guitar-like sound comes in and plays a melody on top. This is an amateur recording. This song may be playing in a sensual movie scene.,0,0,0,0,0,0,0,1,1,0,0,0,0,0,0,0,0,0,0,0,0,0,0,0,0,0,0,0,0,0
2xATintzaj4,The song is an instrumental. The song is medium tempo with an electric guitar playing chords and strumming rhythm with no other instrumentation. The song is emotional and interesting. The song is probably a demo of a guitar or guitar amplifier. The audio is average quality.,0,0,1,0,0,0,1,0,0,1,0,0,0,0,0,1,0,0,0,0,0,0,0,1,0,0,0,0,0,0
5MAX6bUSf4s,The low quality recording features a breathy flute melody playing over playback that consists of snare roll and shimmering bells. The recording is noisy and in mono.,1,0,0,0,0,1,0,0,0,0,0,0,0,1,0,0,0,0,0,0,0,0,0,0,0,0,0,0,0,0
7ITwarmdyfI,"This music is an instrumental with a lot of vocalisation and animated sounds. There are sounds of swishing, water bubbling, guitar string plonking, acoustic guitar riff, camera clicking pictures, kids screaming in glee, cheering and clapping. This music seems to be an introduction to a Show.",0,1,0,0,0,0,0,0,0,0,0,0,1,0,0,0,0,0,0,0,0,0,0,0,0,0,0,0,0,0
98YBS2tdpdU,"The low quality recording features a children's song that consists of passionate girls and boys singing over soft kick and snare hits, shimmering shakers located in the left channel of the stereo image, groovy bass, synth lead melody and groovy piano melody. It sounds soft, mellow, passionate, happy, fun and joyful - like something kids and babies would listen to.",1,0,0,1,0,0,0,0,0,0,0,0,0,0,0,0,0,0,0,0,0,0,0,0,0,0,0,1,0,0
3tbFP_JKzXw,The low quality recording features a harmonizing throaty male vocal singing over dissonant strings melody in the background. It sounds traditional and hopeful.,1,0,0,0,0,0,0,0,0,0,0,0,0,0,0,0,0,0,0,0,0,0,0,0,0,0,0,0,0,0
1Ziku4FLka4,This is an educational kids song. There is a female vocalist singing playfully. The piano and the xylophone are playing a simple melody. The rhythm is a basic acoustic drum beat. The atmosphere is joyful. This piece can be used in the soundtrack of a kids TV show.,0,0,0,0,0,0,0,0,0,0,1,0,0,0,0,0,1,0,0,0,0,0,0,0,0,0,0,0,0,0
0vFPs6XsU_Q,"A male and female child singers sing this vocal duet in harmony. The song is medium tempo with keyboard accompaniment , groovy bass line and an enthusiastic drumming rhythm. The song is passionate and loving. The song is a retro tv show tune and in poor audio quality.",0,0,0,0,0,0,1,0,0,0,0,0,0,0,0,0,0,0,0,0,0,1,0,0,0,0,0,0,0,0
9gCeNCnWZhE,This is an instrumental flute piece. The flute is playing a solo while ambient samples of the wind and the birds singing can be heard in the background. There is also a very faint clattering bell-like percussion that can be heard. The piece is very relaxing. It could be used in a meditation video. It could also be used during the scenery shots in the soundtrack of a documentary.,0,1,0,0,0,0,0,0,0,0,0,0,0,0,0,0,0,0,0,0,0,0,0,0,0,0,0,0,0,0
-e4wXAy1iVo,Two female voices are singing in harmony to a ukulele strumming chords. One of the voices is deeper and the other one higher. This song may be jamming together at home.,0,0,0,0,0,0,0,1,0,0,0,0,0,0,0,0,0,0,0,1,0,0,0,0,0,0,0,0,0,0
4L9KyVVsQOc,The low quality recording features an echoing electric guitar playing rock solo melody. The recording is noisy and in mono. It sounds passionate.,1,0,0,1,0,1,0,0,0,0,0,0,0,1,0,0,0,0,0,0,0,0,0,0,0,0,1,0,0,0
40i3_JH6FYw,This is a recording of an instrumental jam. There is a blues type solo being performed on an overdriven electric guitar. The guitar has an 80s sound. This recording could be sampled for use in beat-making or as an advertisement jingle.,0,1,0,0,0,0,0,0,0,0,0,0,0,0,0,0,0,0,0,0,0,0,0,0,0,0,0,0,0,0
-XN0NtrnfMY,"The low quality recording features a rock song instrumental that consists of shimmering hi hats, punchy snare, groovy bass guitar, acoustic rhythm guitar in the left channel and electric guitar chord progression in the right channel of the stereo image. It sounds energetic and addictive.",1,1,0,0,1,0,0,0,0,0,0,0,0,0,0,0,0,0,0,0,0,0,0,0,1,1,1,1,0,0
0J_TdiZ3TKA,"A male vocalist sings this sweet animated song in a foreign language.The tempo is fast with an equally animated and cheerful piano accompaniment. The song is simple, sweet, adorable,catchy, lovable, catchy, upbeat, cute, engaging, winsome and charming. This song is a Children’s song from an animated series.",0,0,0,0,0,0,0,0,0,0,0,1,0,0,0,0,0,0,0,0,0,0,0,0,0,0,0,0,0,0
7k3M0pQvzhY,This audio contains someone playing a low didgeridoo while people are talking in the background. The didgeridoo sounds amplified. This song may be playing live at a festival.,0,0,0,0,0,0,0,1,0,0,0,0,0,0,0,0,0,0,0,0,0,0,0,0,0,0,0,0,0,0
5FbQu7QTme0,"A female vocalist sings this lilting Folk song in a foreign language. The tempo is slow with an Oud accompaniment, violin harmony, tabla and dhol rhythm. The performance is live with ambient sounds. The song is simple, sweet, charming and lilting.",0,0,0,0,0,0,0,0,1,1,0,0,0,0,0,0,0,0,0,0,0,0,0,0,0,0,0,0,0,0
-Umconw-CRE,"The low quality recording features a cover of a rock song with a rock instrumental playback playing in the background and electric guitar solo melody playing on top of it. It sounds muffled and noisy, as it was probably recorded with a low quality microphone, but it is still passionate and emotional.",1,0,1,1,0,1,0,0,0,0,0,0,0,0,0,0,0,0,0,0,0,0,0,0,0,0,0,0,0,0
1o7iTDLNTFk,This clip features a guitar chord being strummed in the beginning. This is followed by a male voice narrating a song. There are no other instruments in this song. There is no vocal melody in this clip.,0,0,0,0,0,0,0,0,0,0,0,0,0,0,0,1,0,0,0,0,0,0,1,0,0,0,0,0,0,0
3rvqiSZB4pA,This is an electronic funk/disco music piece from the 80s. There is a female vocalist singing melodically. The repeated main theme is being played by the keyboard. There is a synth bass playing a groovy bass line. There is an acoustic drum beat in the rhythmic background. The atmosphere is sensual. This piece can be used in the soundtrack of a retro-themed movie.,0,0,0,0,0,0,0,0,0,0,1,0,0,0,0,0,0,0,0,0,0,0,0,0,0,0,0,0,0,0
7p_Mnxl4Vq8,"This is an instrumental occult rock piece. There is an electric guitar playing a simple melody with a minimal bass guitar backing. The atmosphere of this piece is sinister and unsettling, it gives the impression of a Satanic ritual about to commence. The tempo is slow. This music piece could be included in the soundtrack of a ritualistic horror movie/TV series or a video game of the similar genres.",0,1,0,0,0,0,0,0,1,0,0,0,0,0,1,1,0,0,0,0,0,0,0,0,0,0,0,0,0,0
3zntWbS9XeI,"This audio clip features the end of an instrument with a lot of reverb. This additional reverb gives the ending an epic feel. At the end of the clip, a guitar chord is struck. There are no other instruments in this song. There are no voices in this song. This song can be used to promote a reverb pedal.",0,1,0,0,0,0,0,0,0,0,0,0,0,0,0,0,0,0,0,0,0,0,0,0,0,0,0,0,0,0
0oIFGARD9xE,"A female vocalist sings this Gospel song. The tempo is medium with groovy bass lines, keyboard accompaniment, electric guitar and acoustic guitar rhythm,tambourine beats and choral harmony. The song is a spirited,emotional,fervent, earnest and devotional Christian Worship Song.",0,0,1,1,0,0,1,0,0,0,0,0,1,0,0,1,0,0,0,0,0,0,0,0,0,0,0,1,0,0
5Tq56BN8PCQ,"A female singer sings this lilting melody. The song is medium tempo with an acoustic guitar accompaniment, strong bass line, steady rhythm and piano accompaniment. The song has a bad audio quality. The song is emotional and nostalgic in nature.",0,0,1,0,0,0,1,0,0,0,0,0,0,0,0,0,0,0,0,0,0,0,0,0,0,0,0,0,0,0
2ZfthfWQowE,"The song is an instrumental. The song is medium fast tempo with African folk drumming rhythm, string section, violins playing, horns and woodwinds playing in harmony. The song is adventurous and exciting.  The song is an advertisement jingle for a DSLR camera complete with camera click tones. The audio is of poor quality.",0,0,0,0,1,0,0,0,0,0,0,0,0,0,0,0,0,0,0,0,0,1,0,1,0,0,0,0,0,0
2f7NnTVQzR0,"The low quality recording features a cover of a pop song. It is sung by passionate female vocalists over pop instrumental playing in the background. It is noisy and it sounds roomy as it is probably recorded with a phone or a camera microphone, but it is also emotional, passionate and addictive.",1,0,1,1,0,1,0,0,0,0,0,0,0,0,0,0,0,0,0,0,0,0,0,0,0,0,0,0,0,0
0ZXWSO_Y2C0,This is a melodic death metal music piece. There is a male vocal singing using the pig squeal technique in the lead. The electric guitar with heavy distortion is playing a hard-hitting riff. There is a bass guitar playing in the background. The acoustic drums are playing a loud but simple beat. The atmosphere of the piece is violent. It could be used in the soundtrack of a horror movie or a horror video game.,0,0,0,0,0,0,0,0,0,0,1,0,0,0,1,0,0,0,0,0,0,0,0,0,0,0,0,0,0,0
-88me9bBzrk,Someone is playing a fast melody on a low bansuri flute along with someone playing tablas and a shrutibox in the background. This song may be playing at a live performance.,0,0,0,0,0,0,1,0,0,0,0,0,0,0,0,0,0,0,0,0,0,0,0,0,0,0,0,0,0,0
1l7BjFDQLUM,This is a jingle piece. There is no singer in this piece. There is an organ and a keyboard playing the main melody while bells and other percussive elements provide the rhythmic background. The atmosphere is cheerful. This piece could be used as an advertisement jingle. It could also be used at a festive event setting such as Christmas or Thanksgiving.,0,1,0,0,0,0,0,0,0,0,0,0,0,0,0,0,0,0,0,0,0,0,0,0,0,0,0,0,0,0
6jeq5lP5Up0,"A male singer sings this poignant melody. The tempo pop is slow with a steady drumming rhythm, cymbal crashes, guitar accompaniment, keyboard organ accompaniment  and a strong bass line. The song is a poignant love song.",0,0,1,0,0,0,0,0,1,0,0,0,0,0,0,0,0,0,0,0,0,0,0,0,0,0,0,0,0,0
9InBmD_Miek,"This is a gentle and soothing song that feels like a calm Christmas night by the fire. We hear a flute play a melody, and the piano playing chords that match the melody notes. There is some audio distortion in the recording.",0,0,0,0,0,0,0,0,0,0,0,0,0,0,0,0,1,0,0,0,0,0,0,0,0,0,0,0,0,0
7KCikXm6hic,"The Folk song features a sustained string, low bass, subtle tinny bells melody and passionately played breathy and reverberant flute melody. There are some foley effects from the flute which could be quieter in the mix. It sounds very traditional, cinematic and cultural.",0,0,0,0,0,0,0,0,0,0,0,0,0,0,0,0,0,0,0,0,0,0,0,0,0,0,0,0,0,0
-hSMzrWZCAE,The pop rock music features a male voice singing. An electric guitar with a distortion effect on plays plays two chords every two measures. The drums play a strong rhythm and together with a synth bass drive the pulse of the music.,0,0,0,0,0,0,0,0,0,0,0,0,0,0,0,1,0,0,0,0,0,0,1,0,0,0,0,0,0,0
7uKkUTml-DA,This is a Carnatic classical music piece. It is a live performance. There is a male vocalist singing in a versatile manner. The melody is being played by the Carnatic violin. There is a tabla percussion beat in the rhythmic background. There is a complex feel to the piece. The atmosphere is vibrant.,0,0,0,0,0,0,0,0,0,1,0,0,0,0,0,0,0,0,0,0,0,0,0,0,0,0,0,0,0,0
9UOPRQhNzQ8,"The low quality features a rock song that consists of a muffled passionate male vocal singing over wide acoustic rhythm guitars chords, shimmering cymbals, punchy kick and groovy bass. It sounds addictive, passionate and groovy - like something you would hear in pubs and bars during the 50s.",1,0,0,1,0,0,0,0,0,0,0,0,0,0,0,0,0,0,1,0,0,0,0,0,0,0,1,1,0,1
5BEVY0vaygg,This song contains someone playing a hybrid of a guitar/harp. In the background you can hear drums and e-bass playing along while a male voice is singing sounding relaxed in the midrange.,0,0,0,0,0,0,0,1,0,0,1,0,0,0,0,0,0,1,0,0,0,0,0,0,0,0,0,0,0,0
07mS0mSTDjY,"This is an amateur recording of an Afro-cuban dance music performance. There are male vocals singing joyfully. There is a percussion orchestra made up of diverse elements such as the conga, the bongo and the timbales are playing in the rhythmic background. The atmosphere is lively and vibrant. Although the audio quality is not that great, this piece can still be sampled for use in beat-making.",0,0,0,0,0,0,0,1,0,0,0,0,0,0,0,0,0,0,0,0,0,0,0,0,0,0,0,0,0,0
6Sdu56gquJE,"A male vocalist sings this intense Rap. The tempo is slow with boomy bass drumming and atmospheric synthesiser. The music is minimalist with emphatic vocals. The song is a passionate, youthful,insightful,persuasive and intense Synth Rap.",0,0,1,1,0,0,0,0,1,0,0,0,0,0,0,0,0,0,0,0,0,0,0,0,0,0,0,0,0,0
26jTWRMRoxY,"The song is an instrumental with separate audio tracks. The tempos are medium with female vocals, backup  singers, groovy drum rhythms, keyboard harmony, guitar accompaniment and various percussive hits. The song is energetic and exciting. The song is an ad jingle for a software product. The audio quality is poor with hissing tones.",0,0,0,0,0,0,1,0,0,0,0,0,0,0,0,0,0,0,0,0,0,1,0,1,0,0,0,0,0,0
6jdeSAmkzEU,Someone is playing a distorted e-guitar solo melody with a lot of reverb over another e-guitar finger picking chords. This is an amateur recording. This song may be playing guitar at home.,0,0,0,0,0,0,1,1,0,0,0,0,0,0,0,0,0,0,0,0,0,0,0,0,0,0,0,0,0,0
-zOybsEdM5E,This is a calm type of song which features a flute being intricately played on top of the various instruments. There is a violin creating a sustained tone underneath. The music feels mystical and enchanting.,0,0,0,0,0,0,0,0,0,0,0,0,0,0,0,0,0,0,0,0,0,0,0,0,0,0,0,0,0,0
9gkppwB5CXA,"The song is an instrumental. The tempo is medium fast with a guitar lead, guitar rhythm, steady rock drumming , a percussive bass line along with ambient street noises and roller skate wheel noises. The song is a home video sound track with lots of energy. The song audio quality is poor.",0,0,0,1,0,0,0,0,0,0,0,0,0,0,0,0,0,0,0,0,0,1,0,1,0,0,0,0,0,0
9L6ePkWtZI4,"The low quality recording features a cover of a rock song that consists of acoustic sitar chord progression played so loudly that the male vocal is inaudible. The recording is noisy, but it sounds happy and fun.",1,0,0,0,0,1,0,0,0,0,0,0,0,0,0,0,0,0,0,0,0,0,0,0,0,0,1,0,0,0
-8C-gydUbR8,"A children’s choir sings this devotional melody. The song is medium tempo with a steady bass line, drumming rhythm and clapping percussion. The song is black gospel choral music played in front of a live congregation. The audio quality is very poor.",0,0,0,0,0,0,1,0,0,0,0,0,0,0,0,0,0,0,0,0,0,0,0,0,0,0,0,0,0,0
1pR0SgbqP3M,"A male vocalist sings this lively pop. The tempo is fast and peppy with animated trumpets, groovy saxophone, slick drumming, funky bass line, keyboard harmony, synthesiser arrangements and electronic sounds. The song is upbeat, energetic, enthusiastic, youthful, vibrant, effervescent; passionate and electrifying. This song is Synth Pop.",0,0,0,1,0,0,0,0,0,0,0,1,0,0,0,0,0,0,0,0,0,0,0,0,0,0,0,0,1,0
2_Vk3tmqz-0,The clip sounds like a live performance of Hawaiian Luau music. The song has a generally positive and uplifting effect - it can put you into a good mood. There are several layers of guitars. There's also a main string instrument that plays arpeggiated notes.,0,0,0,0,0,0,0,0,0,1,0,0,0,0,0,0,0,0,0,0,0,0,0,0,0,0,0,0,0,0
Aw2ctwyhe28,This song contains acoustic drums with a fat kick drum and a funky bassline. The acoustic guitar is strumming chords in the background being panned to the left side of the speaker while a e-guitar panned to the right side of the speaker is playing the lead melody strumming chords with a wah-wah pedal. A male backing voice is singing the same melody in a loop. The male lead voice is singing over the backing vocals. This song may be playing on a road trip.,0,0,0,0,0,0,1,0,0,0,1,0,1,0,0,0,0,1,0,1,0,0,0,0,0,0,0,0,0,0
9oiSwXk8Nsk,This reggaeton song features a male voice singing the main melody. This is accompanied by other male voices singing backing vocals. The percussion plays only in the second half of the song. The beat is a reggae beat. A shaker plays a rhythm in the beginning of the song when the main voice sings. Synth sounds are played in the beginning of the song. This synth plays a harpsichord voice. Synth strings are also played in between lines in the song. This song can be played in a club.,0,0,0,0,0,0,0,0,0,0,0,0,0,0,0,0,0,0,0,0,0,0,0,0,0,0,0,0,0,0
3XRjrSOVBnQ,This song contains a male voice talking over a synth drone pad along to some soft sounding kick hits and a simple synth arpeggio. Then the recording stops and a new one rises with a drum stick sound and a e-bass sliding up in pitch. This song may be playing in a wildlife documentary.,0,0,0,0,0,0,0,0,0,0,0,0,0,0,0,0,0,1,0,0,0,0,0,0,0,0,0,0,0,0
ABr4Q_ecoPw,"The song is a funky, soulful disco song. The whole vibe is vibrant and upbeat and features a bouncy groove from a bass guitar as well as bright and shimmery sounding brass instruments. There's a sustained silky synth sound. The singer sounds cheerful. The song is suitable for dancing.",0,0,0,0,0,0,0,0,0,0,0,0,0,0,0,0,0,0,1,0,0,0,0,0,0,0,0,0,0,0
-dVgUSrR8g4,"This song is a vigorous metal instrumental. The tempo is fast with intense drumming,  fiery electric guitar riff, amplified guitar rhythms and energetic keyboard accompaniment. The music is energetic, aggressive, youthful, spirited, goth, intense,psychedelic and trance like. This instrumental is Hard Rock/Metal.",0,0,0,0,1,0,0,0,0,0,0,1,0,0,0,0,0,0,0,0,0,0,0,0,0,0,0,0,0,0
2nsZhXxes68,"An acoustic drum is playing a groove with crash hits and a double-bass drum along with the e-bass and an e-guitar playing bass notes along with the complex kickdrum. A oriental sounding string and brass-section is playing a melody. The male voice sounds very aggressive, screaming with full force. This song may be playing at a live concert.",0,0,0,0,0,0,0,0,0,0,1,0,0,0,0,0,0,1,0,0,0,0,0,0,0,0,0,0,0,0
0RDz0rLakwc,"A male vocalist sings this trippy Electronic song. The tempo is slow with synthesiser arrangement, digital drums and electronically articulated music. The song is catchy, youthful, enthusiastic, trippy, psychedelic , new age, and groovy. This song is an Electro -Hop/ Hip-Hop.",0,0,0,0,0,0,0,0,1,0,0,0,0,0,0,0,0,0,0,0,0,0,0,0,0,0,0,0,1,0
-VclCul6FrI,"The low quality recording features a jazzy organ keys melody. The recording is in mono, noisy, muffled and slightly distorted.",1,0,0,0,0,1,0,0,0,0,0,0,0,1,0,0,0,0,0,0,0,0,0,0,0,0,0,0,0,0
0jFQ21A6GRA,This is a Christian gospel music piece. There is a male vocalist singing melodically at the forefront. The simple tune is being played by a mellow acoustic guitar. The piece has a deep and passionate atmosphere. It could be used in Christian religious events and gatherings. It could also be used in the background of Christian social media content.,0,0,0,1,0,0,0,0,0,0,0,0,1,0,0,0,0,0,0,0,0,0,0,0,0,0,0,0,0,0
3q9K2PgA2-U,"This is a live performance of a polka music piece. It is being performed by a wind orchestra. The main melody is being performed by the tuba. There is a lively, cheerful atmosphere to this piece. It could be used as an accompaniment piece for a European folk dance course.",0,0,0,0,0,0,0,0,0,1,0,0,0,0,0,0,0,0,0,0,0,0,0,0,0,0,0,0,0,0
3ClbaJYWVO4,"This is a gear showcase jam. There is a clean sounding electric guitar with an echo effect being played in a gentle manner. The recording has a dreamy, trippy atmosphere. Parts of this recording can be lifted as samples to be used in beat-making. An advertisement jingle could also be derived from this piece.",0,1,0,0,0,0,0,0,0,0,0,0,0,0,0,1,0,0,0,0,0,0,0,0,0,0,0,0,0,0
A8CJ4YSsUgs,"This is a country pop music piece. There is a female vocalist singing melodically as the lead. The melody comprises various elements such as the electric guitar, the bass guitar, the harmonica and the banjo. There is a rock acoustic drum beat in the rhythmic background. The atmosphere is easygoing. This piece could be the opening theme of a teenage sit-com.",0,0,0,0,0,0,0,0,0,0,1,0,0,0,1,1,0,0,0,0,0,0,0,0,0,0,0,0,0,0
8Z5xnSxUmGE,"The low quality recording features a regional Mexican song that consists of a passionate male vocal singing over groovy trombone and short brass melody. It sounds passionate and emotional, even though the recording is noisy.",1,0,1,1,0,1,0,0,0,0,0,0,0,0,0,0,0,0,0,0,0,0,0,0,0,0,0,0,0,0
6CaZAITdAsk,"The low quality recording features a wide arpeggiated piano melody, sustained strings melody, mellow woodwind melody and shimmering bells over which the passionate male vocalist is singing at the very end of the loop. There is also the sound of walking on concrete. It sounds mellow, soft and sad. There is also the sound of walking on concrete.",1,0,0,0,0,0,0,0,0,0,0,0,0,0,0,0,0,0,0,0,0,0,0,0,0,0,0,0,0,0
6k4lcF9IGUk,"This R&B song features a male voice singing the main melody. Another male voice sings a high pitched melody after the main voice pauses. This is accompanied by a piano playing chords in the background. In between, there are two banging sounds. At the end, hand claps are heard. There are no other instruments heard in this clip.",0,0,0,0,0,0,0,0,0,0,0,0,0,0,0,0,0,0,0,0,0,0,1,0,0,0,0,0,0,0
2iFgXSXdqLo,"This clip features some heavy and overdriven solo electric guitar playing. The phrases are energetic, gritty and full of rock flavour. You'd hear this kind of playing at a rock concert.",0,0,0,0,0,0,0,0,0,0,0,0,0,0,0,0,0,0,0,0,0,0,0,0,0,0,1,0,0,0
5J6CjNc8Njo,This is a Tunisian folk music piece. There is an orchestra playing the main tune with the dominant sound of the strings section and the oud. There is a choir singing in the background. The atmosphere is vibrant and sentimental. This piece could be in the soundtrack of a Middle Eastern/North African soap opera.,0,0,0,0,0,0,0,0,0,0,0,0,0,0,0,0,0,0,0,0,0,0,0,0,0,0,0,0,0,0
2IpapScfsT4,This instrumental song features a run played on a piano followed by an ascending progression on the French horn. The horn plays descending notes and the piano repeats the same melody using arpeggiated chords. This is followed by two ascending notes on the horn. There are no other instruments in this song. This song has a relaxing feel. This song can be played in a bar.,0,1,0,0,0,0,0,0,1,0,0,0,0,0,0,0,1,0,0,0,0,0,0,0,0,0,0,0,0,0
10dur7jhFQM,This techno song features programmed percussion. The kick is played on every count of the beat. A cymbal or shaker is played in sixteenth note patterns. This is accompanied by a synth playing a repetitive sequence. Another synth sound is played in bursts which has a warped sound effect. This song is an instrumental and has no voices. This song can be played in a club.,0,1,0,0,0,0,0,0,0,0,0,0,0,0,0,0,0,0,0,0,0,0,0,0,0,0,0,0,0,0
1QSD-dzEv7Y,This audio contains someone playing a bansuri flute in the mid-to high register. A piano is playing a repeating melody along with an e-bass. The flute is full of reverb. This song may be playing flute at home with a backing track.,0,0,0,0,0,0,0,1,0,0,0,0,0,0,0,0,1,1,0,0,0,0,0,0,0,0,0,0,0,0
3tSPMzvuQpk,A male voice is singing a Christmas song supported by a piano playing chords. The audio is of poorer quality and seems to be coming out of a jukebox rather than being sung live. This song may be playing at Christmas time.,0,0,0,0,0,0,0,0,0,0,0,0,1,0,0,0,1,0,0,0,0,0,0,0,0,0,0,0,0,0
2dyEnOo3yJ8,"The low quality recording features a traditional song that consists of passionate female vocal singing over wooden percussive elements, strings and flute melody. It sounds passionate, emotional and soulful and the recording is noisy and in mono.",1,0,1,1,0,1,0,0,0,0,0,0,0,1,0,0,0,0,0,0,0,0,0,0,0,0,0,0,0,0
4--05CAaDsg,"The song is an instrumental with a baby making noises while paddling in a pool. The song is medium tempo with steady drumming, latin percussion, guitar accompaniment, trumpets playing in harmony and keyboard accompaniment. The song is a soundtrack for a home video and the audio quality is bad due to varying noise levels.",0,0,0,0,0,0,1,0,0,0,0,0,0,0,0,0,0,0,0,0,0,0,0,1,0,0,0,0,0,0
4Bc9OoagYmo,"The song has a laid-back, unfussy feel to it. There are various instruments layered to form a smooth, groovy, yet mellow song. The song would be categorized as pop rock, owing to the electric guitar lick and prominent electric guitar chord plucking. There's also an organ and an electric piano. The singer sounds soulful but relaxed.",0,0,0,0,0,0,0,0,0,0,0,0,0,0,0,0,0,0,0,0,0,0,0,0,0,0,0,0,0,0
06Brdf83RZE,This is a teen pop music piece. There is a teen female vocalist singing melodically. The main tune is being played by the acoustic guitar. There is a bass guitar playing in the background. The electronic drums provide the rhythmic background. The piece has an easygoing atmosphere. This piece could be an opening theme for a teenage drama movie/TV show. It could also be playing in the background at a clothing store.,0,0,0,0,0,0,0,0,0,0,0,0,1,0,1,0,0,0,0,0,0,0,0,0,0,0,0,0,0,0
0u5-WiBKam8,"The low quality recording features a reverberant breathy flute melody with an inhale sound in-between. It sounds mystical, passionate and emotional.",1,0,1,1,0,0,0,0,0,0,0,0,0,0,0,0,0,0,0,0,0,0,0,0,0,0,0,0,0,0
8KIoQ2HZ0Hg,This is the amateur recording of an instrument showcase jam. There is a didgeridoo playing at low-to-medium range making various resonant sounds in the process. The atmosphere is ominous and tribal. The quality of the audio is quite poor. This piece could be played at a primary school music class to give the kids an impression of how a didgeridoo sounds like.,0,1,0,0,0,0,0,1,0,0,0,0,0,0,0,0,0,0,0,0,0,0,0,0,0,0,0,0,0,0
5UmoK5WAW8Y,"A male vocalist sings this enthusiastic song in a foreign language. The tempo is fast with infectious drumming and an animated button accordion melody. The song is a fusion of hip-hop with folk music making it unique,unconventional and experimental. It is youthful, buoyant, catchy, engaging and funky with electronic beats. This song is a fusion of Hip-Hop.",0,0,0,0,1,0,0,0,0,0,0,1,0,0,0,0,0,0,0,0,0,0,0,0,0,0,0,0,1,0
2YQPwRLB1s0,"The low quality recording features a jungle track that consists of bouncy snare, soft kick, shimmering shakers, energetic ride cymbal, claps and groovy bass. There are some zipping sound effects, alongside energetic female vocal phrases. It sounds energetic, but yet smooth. Sounds like a soundtrack for a commercial.",1,0,0,0,1,0,0,0,0,0,0,0,0,0,0,0,0,0,0,0,0,0,0,0,0,0,0,1,0,0
0Olm321vgk8,"The Low Quality recording features r&b/soul songs sung by passionate male vocalists over fat bass guitar, punchy kick and snare hits and arpeggiated electric guitar melody. There are also some chattering voices in the background, it sounds like it is a live performance.",1,0,0,0,0,0,0,0,0,1,0,0,0,0,0,0,0,0,0,0,0,0,0,0,0,1,0,0,0,1
-i9uQMysy_A,"This audio clip is of a male vocalist beat boxing. The tempo is fast with the vocalist mimicking vigorous drumming, drum machine rhythms, turn table and other percussions.the rhythm is vigorous, energetic and tireless.",0,0,0,0,1,0,0,0,0,0,0,0,0,0,0,0,0,0,0,0,0,0,0,0,0,0,0,0,0,0
6og50XOZeIk,"This jazz song features percussion playing a fast tempo beat. This is accompanied by a double bass playing the bass part of the song. There are no voices in the song. This is an instrumental song. After the music pauses, a male voice narrates his part. This song can be played in a movie involving a bank robbery.",0,0,0,0,0,0,0,0,0,0,0,1,0,0,0,0,0,0,0,0,0,0,1,0,0,0,0,0,0,0
1hABzqBHh7w,"A male vocalist sings this spirited song. The tempo is fast with trumpets, keyboard harmony, steady drumming and simple bass lines along with vocal backup. The song is happy, energetic, enthusiastic, popular, peppy, vivacious and celebratory. There are sounds in the background of people talking, hooting, cheering and scuttling and rustling. This is a popular Folk/Regional song.",0,0,0,0,1,0,0,1,0,0,0,1,0,0,0,0,0,0,0,0,0,0,0,0,0,0,0,0,0,0
-M6K3QoHh40,"The low quality recording features a R&B song playing on a speaker, judging by the reverberant and boomy sound of it. The song consists of passionate male vocal singing over shimmering hi hats, claps, groovy bass and ""4 on the floor"" kick pattern, It sounds passionate, like something you would dance to with your partner.",1,0,0,1,0,1,0,0,0,0,0,0,0,0,0,0,0,0,0,0,0,0,0,0,1,0,0,1,0,0
1cwGW0cBdRs,"The low quality recording features a cover of a rock song and it contains sad theremin lead melody played over playback instrumental that consists arpeggiated electric guitar melody and mellow rimshots in the right channel of the stereo image, smooth bass guitar that leans towards the left channel and shimmering cymbals. It sounds emotional, sad and passionate.",1,0,1,1,0,0,0,0,0,0,0,0,0,0,0,0,0,0,0,0,0,0,0,0,0,0,1,0,0,0
9ZilD_4pi7E,This is an electronica piece played over a workout camp video. There is a male vocoder sound in the lead. The main theme is being played by the medium pitched keyboard. A groovy electronic drum beat with strong kicks provide the rhythmic background.,0,0,0,0,1,0,0,0,0,0,0,0,0,0,0,0,0,0,0,0,0,0,0,0,0,0,0,0,0,0
-IZbvEO9wzU,This is a heavily edited version of a birthday song. The track has been transposed to make the original vocal sound like a little girl which resulted in a chipmunk vocal effect. The piano playing the melody and the electronic drum beat is at an irritatingly higher pitch than normal. This creates a bizarre atmosphere. It could be used in nightmare sequences in video games or TV shows.,0,0,0,0,0,0,0,0,0,0,0,0,0,0,0,0,1,0,0,0,0,0,0,0,0,0,0,0,0,0
8m-a_6wLTkU,"The low quality recording is a noisy and windy recording that has some asphalt sound effects in it and a wide, happy sounding background song added in postproduction. Sounds really loud and harsh, due to the wind.",1,0,0,0,0,1,0,0,0,0,0,0,0,0,0,0,0,0,0,0,0,0,0,0,0,0,0,0,0,0
4Udqs0trpMw,This audio contains an orchestral composition. A brass section is playing an uplifting melody with a horn playing a bassline. Cymbals are playing a 8th notes rhythm and flutes and a trombone are playing a countermelody. On top of that a xylophone is playing a melody in a higher pitch on top. This song may be playing during a cheerful cultural event such as Christmas.,0,0,0,0,0,0,1,0,0,0,0,0,0,0,0,0,0,0,0,0,0,0,0,0,0,0,0,0,0,0
3e6GleQ9sl0,This song contains someone playing a gentle and warm sounding melody on a violin accompanied by a harp. This song may be playing live.,0,0,0,0,0,0,0,0,0,0,0,0,0,0,0,0,0,0,0,0,0,0,0,0,0,0,0,0,0,0
8CY7G2NrlxY,"A male singer sings this humming vocal. The song is medium tempo with a strong drumming rhythm, groovy bass slime, keyboard accompaniment, piano accompaniment and tambourine accompaniment . The song is emotional and romantic. The song is a modern pop love song with poor audio quality.",0,0,1,0,0,0,1,0,0,0,0,0,0,0,0,0,0,0,0,0,0,1,0,0,0,0,0,0,1,0
2RU4CSDzS-g,"This slow pop song features a male voice singing the main melody. This is accompanied by an acoustic guitar plucking chords. Another acoustic guitar plays in harmony with the first guitar. The mood of this song is romantic. The voice is calming and the song is relaxing. The bass notes are accented and toward the end, the bass notes slide to the next note. This song can be played in a romantic movie.",0,0,0,0,0,0,0,0,1,0,0,0,0,0,0,0,0,0,0,0,0,0,1,0,0,0,0,0,0,0
6Ig6zwBn4b4,The main element of the clip is an electric guitar with reverb and a tube screamer pedal. The guitarist plays an intricate lick and there seems to be some kind of piano or harpsichord as the backing instrument. There is also a synth pad which made the song feel a little transcendental.,0,0,0,0,0,0,0,0,0,0,0,0,0,0,0,0,0,0,0,0,0,0,0,0,0,0,0,0,0,0
7fVfG0DrLjI,"Encouraging gospel music featuring a women's choir, hand clapping, female background shouting, and a lead female vocalist. The choir is accompanied by a band vamping on one chord with an organist, heavy drumkit, and a syncopated bassline. Would fit in a southern spiritual service.",0,0,0,0,0,0,0,0,0,0,0,0,0,0,0,0,0,0,0,0,0,0,0,0,0,0,0,0,0,0
1IK4OeOqAEo,"A female vocalist sings this melancholic melody in a foreign language.The tempo is slow with a romantic piano accompaniment. The song is soft, mellow, poignant, emotional,sentimental, romantic, melancholic , sad, lonely,and wistful. This song is a Pop/ Love song.",0,0,1,0,0,0,0,0,1,0,0,0,0,0,0,0,0,0,0,1,0,0,0,0,0,0,0,0,0,0
86YDiQjYU1U,A brass ensemble playing a fast piece with a quick tempo and virtuosity. Male voice over.,0,0,0,0,0,0,0,0,0,0,0,0,0,0,0,0,0,0,0,0,0,0,0,0,0,0,0,0,0,0
0LE6Ll1rVlg,"The Rock song features a passionate male vocal, alongside harmonizing male vocals, singing over wide electric guitar melody, groovy bass guitar, punchy kick and snare hits and some shimmering cymbals. It sounds energetic and kind of addictive thanks to those harmonizing vocals - like something you would hear on a radio during the 00s.",0,0,0,0,1,0,0,0,0,0,0,0,0,0,0,0,0,0,0,0,0,0,0,0,0,1,1,1,0,1
4refolVb_uQ,"The low quality recording features a rock song that consists of reverberant male vocal singing over groovy bass, short electric guitar chords, punchy snare, soft kick hits, shimmering hi hats and soft crash cymbals. The reverb of the vocal is located in the right channel of the stereo image, which makes it sound interesting. It is easygoing and groovy.",1,0,0,0,0,1,0,0,0,0,0,0,0,0,0,0,0,0,1,0,0,0,0,0,1,1,1,1,0,0
5MOJnA715fA,"A female vocalist sings this pop song. The tempo is fast with vigorous percussion in the background , funky bass line, an incessant keyboard harmony and guitar. The vocals and instrumentation are incoherent as the audio quality is bad. The is sound of static, murmuring, buzzing,hissing and  scuffling indicating that this is a recording of a live performance.",0,0,0,0,0,0,0,0,0,1,0,1,0,0,0,0,0,0,0,0,0,0,0,0,0,0,0,0,0,0
A-oSBMP-Zy4,This is a live performance from a female cabaret quartet. They have different vocal ranges and harmonise every line of the song. The audience cheers and claps as they sing. The song feels jazzy.,0,0,0,0,0,0,0,0,0,1,0,0,0,0,0,0,0,0,0,0,0,0,0,0,0,0,0,0,0,0
7OgH3B49_E4,This is an industrial metal piece. The male vocalist in the lead is singing using the fry scream technique. The distorted electric guitar is playing a heavy riff while there is a groovy bass line. There is a loud metal beat being played by the acoustic drums in the rhythmic background. Industrial sound effects can be heard which are distinctive to the industrial and nu metal scenes. The atmosphere is aggressive and energetic. This piece could be played at a rock/metal bar. It could also be included in the soundtrack of an action movie/video game.,0,0,0,0,1,0,0,0,0,0,0,0,0,0,1,0,0,0,0,0,0,0,0,0,0,0,0,0,0,0
0NTzOtVmoiU,"The song is an instrumental. The song is fast in tempo, with a bagpiper playing a Solo melody accompanied by a drum rhythm and people cheering and clapping wildly. The song is rousing in spirit and fervour. The song has a bad audio quality.",0,0,0,1,1,0,0,0,0,1,0,0,0,0,0,0,0,0,0,0,0,0,0,1,0,0,0,1,0,0
28wBrNjHXOM,This is a meditation music piece. There is a didgeridoo playing a vague melody at the forefront while repetitive shamanic drum hits can be heard in the background. The atmosphere is profound and calming. This piece can be used in the background of meditation videos. It can be used during sessions at yoga centers.,0,1,0,0,0,0,0,0,0,0,0,0,0,0,0,0,0,0,0,0,0,0,0,0,0,0,0,0,0,0
-Dtir74TiUM,This is a drum & bass music piece. There is a constantly repeating hollering sample accompanied by rapid turntable scratching. A synth sound can be heard playing an ominous tune. The rhythmic background consists of a fast-tempo electronic drum beat. The atmosphere is energetic. This piece could be used in the soundtrack of a car racing game. It could also be playing at nightclubs during early-2000s themed parties.,0,0,0,0,1,0,0,0,0,0,0,0,0,0,0,0,0,0,0,0,0,0,0,0,0,0,0,0,0,0
ADxuhHNZVCc,"The low quality recording features a live opera performance sung by passionate female vocalists and followed by sustained and plucked strings melody. The recording is very noisy and the stereo image is unbalanced, since the audio from the left channel is occasionally cut out. It sounds emotional, mellow and passionate.",1,0,1,1,0,1,0,0,0,1,0,0,0,0,0,0,0,0,0,0,0,0,0,0,0,0,0,0,0,0
0JbGxIR8JTk,"Afrobeat inspired music with an island flavor. Fingerpicked acoustic-electric nylon string guitar carries the harmony, while a male singer sings freely. syncopated electric bass and drumset meld with various African percussion.",0,0,0,0,0,0,0,0,0,0,0,0,0,0,0,0,0,0,0,0,0,0,0,0,0,0,0,0,0,0
78BtX0oNXHQ,This audio contains acoustic drums playing a kick on every beat along with a simple e-bass line. In the background you can hear the sound of wind and a wolf's howling. A tambourine like instrument reminds of christmas and a flute like instrument is playing an uplifting melody along with a piano sound hitting short chords in the mid to higher register. This song may be playing in a funny video around christmas time.,0,0,0,0,0,0,0,0,0,0,1,0,0,0,0,0,0,1,0,0,0,0,0,0,0,0,0,0,0,0
3zIQTDfS4Hk,"The low quality recording features a tropical steel drum melody playing over background percussive instrumental. It is noisy, but it sounds tropical, exotic and emotional.",1,0,1,0,0,1,0,0,0,0,0,0,0,0,0,0,0,0,0,0,0,0,0,0,0,0,0,0,0,0
9PQZSLa_A8A,"The low quality recording features a harpsichord solo melody. It sounds passionate, emotional and the recording is noisy.",1,0,0,1,0,1,0,0,0,0,0,0,0,0,0,0,0,0,0,0,0,0,0,0,0,0,0,0,0,0
4q-eGdrqiIw,"The low quality recording features flat male vocals talking over rock songs playing in the background. It sounds like a documentary about music. The recording is muffled, noisy and in mono, as it was probably recorded with a phone.",1,0,0,0,0,1,0,0,0,0,0,0,0,1,0,0,0,0,0,0,0,0,0,0,0,0,1,0,0,0
-sRFfU8k0Zs,"This is an Arabic movie music piece. It is an instrumental piece. There is a clarinet playing a vague melody. The sound of knives being rubbed against one another can be heard. There is an ominous, terrifying atmosphere. This piece could be used in the soundtrack of a horror movie to imply the feeling of hopelessness.",0,1,0,0,0,0,0,0,0,0,0,0,0,0,0,0,0,0,0,0,0,0,0,0,0,0,0,0,0,0
0bvPjMQ_WbE,"The low quality recording features a live performance of loud steel pans melody over playback instrumental that consists of shimmering hi hats, open hats and ""4 on the floor"" kick pattern. There are some crowd talking noises in the background. It sounds exotic and energetic.",1,0,0,0,1,0,0,0,0,1,0,0,0,0,0,0,0,0,0,0,0,0,0,0,1,0,0,0,0,0
06IU9WsEp3s,"A male vocalist sings this enthusiastic latin melody. The tempo is medium with keyboard harmony, rhythmic Spanish guitar,percussive congas, bongos and guiro with tambourine beats. There is a loud siren-like sound superimposed over the song. The song is lively, simple,emotional, youthful, rhythmic, catchy with a latin dance grove.",0,0,0,0,0,0,0,0,0,0,0,0,0,0,0,0,0,0,1,0,0,0,0,0,0,0,0,0,1,0
9A_OmOetiuw,"The low quality recording features a, what it seems like, cover of a country song and it consists of flat male vocals singing over acoustic sitar guitar melody. It sounds very noisy, but also heartfelt and emotional.",1,0,1,0,0,1,0,0,0,0,0,0,0,0,0,0,0,0,0,0,0,0,0,0,0,0,0,0,0,0
91AmOKytRUM,"A female vocalist sings this soft song in a foreign language. The tempo is slow with a soft piano accompaniment and sound of chimes. The vocals are mellow, passionate,emotional, sentimental, nostalgic, melancholic and reflective. This song is a sad classic Pop.",0,0,1,0,0,0,0,0,1,0,0,0,0,0,0,0,0,0,0,0,0,0,0,0,0,0,0,0,0,0
7JMN4DdhwsM,This music is instrumental. The tempo is slow with a ukelele melody. The musician plays two notes in monotone which sounds like the instrument is being tuned. This clip is a tutorial on how to tune a ukulele.,0,1,0,0,0,0,0,0,1,0,0,0,0,0,0,0,0,0,0,0,0,0,0,0,0,0,0,0,0,0
0L3vcdzQPPU,"This is a recording of an acapella piece by multiple vocalists. The women sing in a high pitched, whistle-like tone while the men sing in lower tones and harmonise with the women. The melody is rapid and progressive.",0,0,0,0,0,0,0,0,0,0,0,0,0,0,0,0,0,0,0,0,0,0,0,0,0,0,0,0,0,0
AAP5pAB-4jM,"This song contains several synth pad sounds from the low, to the mid and higher register. Then the sounds stop and a glass breaking sound comes in as it gets reversed right away. This song may be playing in an advertisement.",0,0,0,0,0,0,0,1,1,0,0,0,0,0,0,0,0,0,0,0,0,0,0,0,0,0,0,0,0,0
8q0An6WY7_c,"The low quality recording features a theremin solo melody. It sounds haunting, intense, suspenseful and cold. There are some water flowing sounds in the background. The recording is mono and noisy.",1,0,0,0,0,1,0,0,0,0,0,0,0,1,0,0,0,0,0,0,0,0,0,0,0,0,0,0,0,0
2gc1L3g1itU,"This audio contains someone playing blues on an e-piano. This audio is in poor audio quality, you can hear white noise from the recording. This song may be playing piano at home.",0,0,0,0,0,0,0,1,0,0,0,0,0,0,0,0,0,0,0,0,1,0,0,0,0,0,0,0,0,0
AD5Tc2TDCmM,"This song features a guitar playing a solo.  This is played in the style of a banjo in a bluegrass song. The guitar is playing fast licks. The bass plays the root note and lower fifth of the chords. A percussion plays a simple beat and ends with a crash. There are no voices in this song. This song is an instrumental song. Due to the low quality of the audio, other instruments cannot be identified. This song can be played in a bluegrass concert.",0,1,0,0,0,0,0,0,0,0,0,1,0,0,0,0,0,0,0,0,0,0,0,0,0,0,0,0,0,0
769EHEG4Mqc,"The song is an instrumental. The tempo is medium fast with a strong techno drumming groove, strong bass line, keyboard harmony and various percussion hits. The song is energetic and passionate. The audio quality is poor.",0,0,0,0,1,0,0,0,0,0,0,0,0,0,0,0,0,0,0,0,0,1,0,0,0,0,0,0,0,0
6iyinlZEgS4,This audio clip features a tom roll followed by a descending slide on the bass. This is followed by the sound of two different calling bells one after the other. Four different voices call out numbers one through four in ascending order one after the other. This is followed by a pattern played on a drum machine. This song can be played at a DJ party.,0,0,0,0,0,0,0,0,0,0,0,0,0,0,0,0,0,0,0,0,0,0,0,0,0,0,0,0,0,0
1WlvXneu6oY,"The song is instrumental music. The song is medium tempo with just a piano playing pensively and no other instrumentation. The song is emotional and poignant. The song is a western classical masterpiece, but with bad audio quality issues.",0,0,1,0,0,0,1,0,0,0,0,0,0,0,0,0,0,0,0,0,0,1,0,1,0,0,0,0,0,0
4lcZkOMhKv8,"This house music clip features a male voice in the beginning followed by a male voice that has been heavily processed. This is accompanied by programmed percussion with a booming kick  played on every count. After two bars, the snare is also played with the kick. Staccato synth notes are played on the 'one and' and the third count of each bar. The mood of this song is upbeat. This song can be played in a trance club.",0,0,0,0,0,0,0,0,0,0,0,0,0,0,0,0,0,0,0,0,0,0,0,0,0,0,0,0,0,0
78S8DnvLQDY,"This is an amateur recording of a live beatboxing performance. The beatbox is being performed initially slowly and then at a fast tempo. The recording is a bit dated, so the quality is quite low. The sounds from the setting of the recording such as the crowd cheering for the performer can be heard. Parts of this recording can be lifted as samples to be used in beat-making.",1,0,0,0,0,0,0,1,0,1,0,0,0,0,0,0,0,0,0,0,0,0,0,0,0,0,0,0,0,0
-w12aSkQ9No,"A female vocalist sings this soprano solo. The tempo is slow with a classic orchestral accompaniment of violin harmony, an intense incessant cello melody, brass instrument and organ. The song is an intense, emotional, beseeching, sad, and imploring classic opera .",0,0,1,1,0,0,0,0,1,0,0,0,0,0,0,0,0,0,0,0,0,0,0,0,0,0,0,0,0,0
2xQuWif8axE,This is a live recording of an instrumental progressive metal piece. A solo is being played on the electric guitar at a very fast pace using the technique of shredding. Rapid jumps from medium to high range notes can be heard. The atmosphere is aggressive.,0,1,0,0,0,0,0,0,0,0,0,0,0,0,0,1,0,0,0,0,0,0,0,0,0,0,0,0,0,0
5s0yPPrQWxs,This is a British hip-hop music piece. There is a male vocal rapping in the lead. The beat in the background has its main melody being played by the acoustic guitar. A faint bass sound can be heard in the background. The rhythm is provided by an electronic drum beat. The atmosphere is hip and the sound is urban. This piece could be used in the soundtrack of a teenage drama movie that takes place in Great Britain.,0,0,0,0,0,0,0,0,0,0,0,0,1,0,0,0,0,0,0,0,0,0,0,0,0,0,0,0,0,0
9ohu45KlgYA,"The low quality recording features a reverberant flat male vocal singing over sustained strings melody, mellow piano melody, shimmering bells melody, shimmering hi hats and groovy bass. It sounds emotional, mellow and soft.",1,0,1,0,0,0,0,0,0,0,0,0,0,0,0,0,0,0,0,0,0,0,0,0,1,0,0,1,0,0
Aro-HcWNsHI,"The low quality recording features an acoustic rhythm guitar playing over a pop song played on playback in the background. It sounds joyful and happy, while the recording is in mono and noisy.",1,0,0,0,0,1,0,0,0,0,0,0,0,1,0,0,0,0,0,1,0,0,0,0,0,0,0,0,0,0
6QHfXuVLhe0,This pop song starts off with the backing singers singing vocables in harmony. This is backed by percussion playing a simple beat. The bass plays a flourish ending on the root note of the next chord. The string section plays high pitched notes. The piano plays a flourish of ascending notes before the main female voice starts to sing the main melody. This is accompanied by the percussion continuing with the simple beat. The string section fades away. The bass plays a descending walk down and ends on a high note. This song has a romantic feel. This song can be played in a romantic movie.,0,0,0,0,0,0,0,0,1,0,0,0,0,0,0,0,1,0,0,0,0,0,0,0,0,0,0,0,0,0
3nbB3F-OdSM,"A male vocalist sings this vigorous Rock song. The tempo is fast with enthusiastic electric guitar lead and harmonies, electric bass guitar and hard hitting drumming with cymbal rides. The song is passionate, youthful, enthusiastic, intense, compelling, boisterous and vigorous. This song is a Hard Rock/Heavy Metal song.",0,0,0,1,1,0,0,0,0,0,0,0,0,0,0,0,0,0,0,0,0,0,0,0,0,0,0,0,1,0
4kyWH8eWP8M,church bells ringing together slowly.,0,0,0,0,0,0,0,0,0,0,0,0,0,0,0,0,0,0,0,0,0,0,0,0,0,0,0,0,0,0
9uToez74x_M,"A male country singer sings this passionate melody with backup singers in vocal harmony. The song is medium tempo with a strong drumming rhythm, guitar accompaniment, guitar lead, percussive bass line and percussion hits. The song is passionate and romantic. The song has bad audio quality.",0,0,0,1,1,0,1,0,0,0,0,0,0,0,0,0,0,0,0,0,0,0,0,0,0,0,0,0,0,0
8WnXfe3ud4E,"This song is an instrumental. The tempo is medium with an enthusiastic keyboard harmony, steady drumming and boomy bass lines with rustling , whooshing sounds, muffled voices of people cheering or chanting and crackling sounds. The song is intense, passionate, youthful, inspiring, impactful and fervent. The audio quality is inferior so the music is muddy and incoherent.",0,1,0,1,1,0,0,0,0,0,0,0,0,0,0,0,0,0,0,0,0,0,0,0,0,0,0,0,1,0
A9ECxUIqw6s,A female teen voice is singing along with backing voices and screams. While acoustic drums are playing along with a simple bassline. The e-guitar is playing the suiting chords on top along with a high pitched sound coming out from a digital piano or organ. This song may be playing in a movie for the whole family.,0,0,0,0,0,0,0,0,0,0,1,0,0,0,0,0,0,1,0,0,1,0,0,0,0,0,0,0,0,0
0_QcatLmg7c,"The low quality recording features a pop song performed by passionate male vocalists, followed by acoustic guitar arpeggiated melody and mellow piano melody. It sounds heartfelt and emotional. There are some crowd noises in the background.",1,0,1,0,0,0,0,0,0,0,0,0,0,0,0,0,0,0,0,1,0,0,0,0,0,0,0,0,0,0
5lZFGZXH20E,This clip features a singular marimba being played. It is a low-quality recording of a performance wherein the performer plays some off-key notes. We hear applause after the performer stops playing.,0,0,0,0,0,0,0,0,0,1,0,0,0,0,0,0,0,0,0,0,0,0,0,0,0,0,0,0,0,0
4W3Ql8JbEN8,"The low quality recording features short repetitive synth hits located in the right channel, buzzy sounds in the left channel of the stereo image and deep synth hits in the middle. It sounds intense and suspenseful, like background music for a video game.",1,0,0,0,0,0,0,0,0,0,0,0,0,0,0,0,0,0,0,0,0,0,0,0,0,0,0,0,0,0
AzGtPHlrlzU,"The low quality recording features an electro song played on a device that produces the mono sound only. The song features a flat male vocal rapping, after which there is a drop that consists of punchy kick and snare hits, shimmering cymbals and synth lead melody. It sounds exciting and energetic, while the recording is noisy and in mono.",1,0,0,0,1,1,0,0,0,0,0,0,0,1,0,0,0,0,0,0,0,0,0,0,0,1,0,0,0,1
3JYQgXudiH8,A digital drum is playing a groove that motivates to dance with a kick on every beat along with a shaker. Male backing voices are singing a melody in harmony and adlips that are panned to the right side of the speakers. A piano is playing a simple repeating melody and a soft bass sound is rounding the recording up. On top of that a male voice is singing phrases. This song may be playing at home dancing.,0,0,0,0,0,0,0,0,0,0,0,0,0,0,0,0,1,0,0,0,0,0,0,0,0,0,0,0,0,0
1ls3ectO1F4,This song contains acoustic drums with reverb and a bassline playing to the kick. Someone is playing a slow evolving melody on a distorted e-guitar. In the background you can hear voices. This song may be playing live at a concert.,0,0,0,0,0,0,0,1,0,0,1,1,0,0,0,0,0,1,0,0,0,0,0,0,0,0,1,0,0,0
9iYxf1hS4Yk,"This piece has no melody. Only percussion instruments can be heard in the background. The drumming is rapid and vigorous with a boomy bass drum and sounds of a helicopter, roaring, grunting,gunshots, blasts,fireworks, and clanging of metal and a siren at the end. The vibe is intense, sinister, hostile and dangerous.",0,1,0,0,0,0,0,0,0,0,0,0,0,0,0,0,0,0,0,0,0,0,0,0,0,0,0,0,0,0
AAFsg91kje4,"The Electro song features a repetitive synth keys melody playing over snare roll, claps, shimmering open hats, all being affected with a filter modulation, that serves as a build up element. It sounds exciting and energetic.",0,0,0,0,1,0,0,0,0,0,0,0,0,0,0,0,0,0,0,0,0,0,0,0,0,0,0,0,0,0
0s0Uy0-zBa0,"This music is instrumental. There is no harmony, just an incessant dissonant beep, loud explosive sound and static in the background. The sounds are of those in a video game.",0,1,0,0,0,0,0,0,0,0,0,0,0,0,0,0,0,0,0,0,0,0,0,0,0,0,0,0,0,0
05JAmKFVy44,"The low quality recording features a kids song played through some kind of toy, and it consists of low male vocal singing over some key chords. It sounds distorted and crushed. The recording is noisy and in mono, as it was probably recorded with a poor quality microphone.",1,0,0,0,0,1,0,0,0,0,0,0,0,1,0,0,0,0,0,0,0,0,0,0,0,0,0,0,0,0
7kEeYQx2VLE,"This song features a trumpet playing the main melody. The melody is like a melody played before announcements are made in a kingdom. This is accompanied by a tambourine and a bass. The bass plays one note four times followed by a higher pitched note eight times and back to the first note once. After a three count rest, the bass phrase is repeated. This song can be played in a movie scene announcing the arrival of royalty.",0,1,0,0,0,0,0,0,0,0,0,0,0,0,0,0,0,0,0,0,0,0,0,0,0,0,0,0,0,0
6QAZJ4H_5rA,This audio contains a male voice talking rather than playing an e-guitar with a chorus effect. This audio may be playing for a sound tutorial/comparison.,0,0,0,0,0,0,0,1,1,0,0,0,0,0,0,0,0,0,0,0,0,0,0,0,0,0,0,0,0,0
74p3DLeDCHE,"The excerpt features a single chord played on an unamplified electric guitar. After this, one can hear the sounds made by someone walking in the near vicinity.",0,0,0,0,0,0,0,0,0,0,0,0,0,0,0,0,0,0,0,0,0,0,0,0,0,0,0,0,0,0
A446kjocnCg,"This song features percussion being played at a fast tempo. The beat is of moderate difficulty. The kick is played on the first count of each bar. The snare is played on the second and fourth counts of each bar. The hi-hat is played at a unique rhythm with accents on the first 'and' and the third, third and and fourth counts. There are no voices in this song. This is an instrumental song at a fast tempo. There are no other instruments in this song.",0,1,0,0,0,0,0,0,0,0,0,1,0,0,0,0,0,0,0,0,0,0,0,0,0,0,0,0,0,0
1JwoLPCIGhs,"The low quality recording features a cover of a blues song and it consists of subtly strummed, acoustic rhythm guitar, followed by electric guitar solo melody. It sounds passionate, easygoing and cool - like something you would hear in high end bars or blues clubs. The recording is a bit noisy.",1,0,0,1,0,1,0,0,0,0,0,0,0,0,0,0,0,0,0,0,0,0,0,0,0,0,0,0,0,0
A6ilKRqIDH4,"The low quality recording features a DJ scratching a vinyl of an electro dub song that consists of uptempo hi hats, punchy kick and snare hits, short bass stabs, soft crash cymbal and simple synth melody. It sounds energetic, cool and groovy.",1,0,0,0,1,0,0,0,0,0,0,0,0,0,0,0,0,0,1,0,0,0,0,0,0,1,0,0,0,1
9IdAIIywBfY,This song contains a simple acoustic drum groove with a cowbell and a bassline following. Two e-guitars are playing a melody then a male voice starts singing loud and in the mid-range. This song may be playing while working in the garage.,0,0,0,0,0,0,0,0,0,0,0,0,0,0,0,0,0,1,0,0,0,0,1,0,0,0,1,0,0,0
8yiJOImd6k0,"This music is instrumental . The tempo is fast with a vibrant and vivacious Harpsichord solo of the famous composition of the French composer Jean-Philippe Rameau. The music is complex, lively, spirited, enchanting, playful , engaging and a masterpiece.",0,1,0,0,0,0,0,0,0,0,0,1,0,0,0,0,0,0,0,0,0,0,0,0,0,0,0,0,0,0
69oU6LfyQ_4,"A female singer sings this live cover version of a famous song. The song is medium tempo with guitar accompaniment, crowds cheering  and whistling and cameras clicking. The song has a poor audio quality and has a lot of ambient crowd noises,",0,0,1,1,0,0,0,0,0,1,0,0,0,0,0,0,0,0,0,0,0,1,0,0,0,0,0,0,0,0
63jbksEqycQ,"This song is an operatic harmony. The tempo is slow with a soft piano accompaniment and choral vocal harmony. The song is soft, melodic, enigmatic, ethereal, mystical, magical, dreamy and enchanting. This music is a Choral Symphony.",0,1,1,0,0,0,0,0,1,0,0,0,0,0,0,0,0,0,0,0,0,0,0,0,0,0,0,0,0,0
7LlnLjZOqVI,"This music is instrumental . The tempo is medium fast with a catchy drumming rhythm and turntable effect with a vocal riff. The music is youthful, engaging, groovy and buoyant. This is a tutorial on DJ scratching techniques.",0,1,0,0,1,0,0,0,0,0,0,0,0,0,0,0,0,0,0,0,0,0,0,0,0,0,0,0,1,0
9UD7qz7DuVY,Someone is playing a minor chord composition on an acoustic piano while a female voice is singing with a lot of reverb on her voice. This song may be playing on a karaoke night.,0,0,0,0,0,0,0,0,0,0,0,0,0,0,0,0,0,0,0,0,0,0,0,0,0,0,0,0,0,0
-QuWdnmn-kM,This is a lullaby that features a main melody made with a xylophone that has a bright sound. A sustained piano synth creates a dreamy and sleepy ambience sound. A subtle cello plays single chords that bounce from one beat to the next. This is a song a baby could fall asleep to.,0,0,0,0,0,0,0,0,1,0,0,0,0,0,1,0,0,0,0,0,0,0,0,0,0,0,0,0,0,0
-v5hgCh3M2w,"The Soft Rock song features a passionate female vocalist singing over a wide electric guitar melody, punchy snare, soft kick hits, groovy bass guitar and shimmering hi-hats. It sounds sad, emotional and passionate - like something you would listen to on a day you are feeling down.",0,0,1,1,0,0,0,0,0,0,0,0,0,0,0,0,0,0,0,0,0,0,0,0,1,1,0,0,0,0
1RRGInmOhTQ,"This music is a lively instrumental. The tempo is fast with an infectious accordion harmony, rhythmic acoustic guitar, violin harmony and keyboard accompaniment. The music is pleasant, happy, cheerful, warm, sprightly, romantic, carefree, upbeat and genial. This music sounds like a movie soundtrack.",0,1,0,0,0,0,0,0,0,0,0,1,0,0,0,0,1,0,0,0,0,0,0,0,0,0,0,0,0,0
7_Sr2zv1sQc,"The low quality recording features a traditional song that consists of passionate female vocal singing over sustained string melody, wobble bass, wooden percussive elements and shimmering shakers. It is a bit noisy, in mono and it sounds vintage, passionate, emotional and soulful.",1,0,1,1,0,1,0,0,0,0,0,0,0,1,0,0,0,0,0,0,0,0,0,0,0,0,0,0,0,0
1gDNqOQFopY,This clip is of an amateur recording. It features a male voice. He starts off the song by singing a quacking melody followed by yodeling. There are no words in this song. This voice is accompanied by a piano playing chords. There are no other instruments in this song. This song has a comedic feel to it. This song can be played at a house party.,0,0,0,0,0,0,0,1,0,0,0,0,0,0,0,0,1,0,0,0,0,0,1,0,0,0,0,0,0,0
4PNPgaLKFlc,The track is a Kids Music song. A female voice with appealing vocals sings an easygoing melody. A piano with a bright sound plays a jazzy melody. A jazz drum kit plays a smooth beat. In the background there are trumpets playing a melody that matches the positive and fun atmosphere of the track.,0,0,0,0,0,0,0,0,0,0,0,0,0,0,0,0,0,0,0,0,0,0,0,0,0,0,0,0,0,0
A5fPSkTvjmY,"The low quality recording features a hip hop song that consists of a flat male vocal rapping over punchy kick and snare hits, shimmering hi hats, DJ scratching sound effects and groovy bass. It sounds energetic, upbeat and groovy.",1,0,0,0,1,0,0,0,0,0,0,0,0,0,0,0,0,0,1,0,0,0,0,0,1,1,0,1,0,1
8nJ2MhvhnJ0,"The low quality recording features a metallic hit, followed by resonating bowl tone. The recording is mono and noisy.",1,0,0,0,0,1,0,0,0,0,0,0,0,1,0,0,0,0,0,0,0,0,0,0,0,0,0,0,0,0
5gyMt0YzPQ0,"This is a broken beat music piece with jazz funk influences. There is a repeating hollering female vocal sample. There is a keyboard and a synth bass playing the melody. In the background, there is an electronic drum beat and percussive elements. This piece has a groovy atmosphere. It is danceable. It could be playing in the background of a nightclub at earlier hours or at a coffee house.",0,0,0,0,0,0,0,0,0,0,0,0,0,0,0,0,0,0,1,0,0,0,0,0,0,0,0,0,0,0
0EvpBtracsk,"The first song starts with a hihat, e-guitar playing a melody and a bassline. Then the song changes after some radio noise sounds into a pop song containing a piano; male backing voices; synth lead sound and a female singer. These songs may be playing for an advertisement.",0,0,0,0,0,0,0,0,0,0,0,0,0,0,0,0,1,1,0,1,0,0,0,0,0,0,1,0,0,0
9ZinCW4jTeE,Various percussive instruments are being played. In the foreground stays the cowbell. A trumpet is playing the lead melody while other trumpets are supporting along with a piano playing chords together with an organ sound. A steeldrum is ending the phrase of a melody with his own melody. An e-bass is playing a complex salsa groove. This song may be playing dancing salsa.,0,0,0,0,0,0,0,0,0,0,0,0,0,0,0,0,1,1,0,0,0,0,0,0,0,0,0,0,0,0
3nfiGGQykxk,This audio contains a shofar horn getting blown in a higher register. The high tone is loud and drops in pitch at the end. This song may be playing live in a village calling for a traditional ceremony.,0,0,0,0,0,0,0,1,0,0,0,0,0,0,0,0,0,0,0,0,0,0,0,0,0,0,0,0,0,0
4o0bARRMYQ8,"The Gospel song features a harmonized mixed choir vocals singing over mellow piano melody, smooth bass, soft kick, snare and cymbals hits and sustained strings melody. It sounds passionate, emotional, powerful and soulful.",0,0,1,1,0,0,0,0,0,0,0,0,0,0,0,0,0,0,0,0,0,0,0,0,0,0,0,0,0,0
9Ijpv6e57a4,This pop ballad features a female voice singing the main melody. This is accompanied by percussion playing a simple beat in the background. The bass plays the root notes of the chords. A synth plays chords and fills. The sound of wheels on concrete can be heard. The mood of this song is romantic. A live recording sound is overdubbed on this song.,0,0,0,0,0,0,0,0,0,0,0,0,0,0,0,0,0,0,0,0,0,0,0,0,0,0,0,0,0,0
7RtQpW2dSU4,"The low quality recording features a rock song that consists of a passionate female vocal, alongside harmonizing background female vocals, singing over wide acoustic guitar chords, groovy bass, punchy kick and snare hits. It sounds addictive and easygoing, even though the recording is a bit messy.",1,0,0,0,0,0,0,0,0,0,0,0,0,0,0,0,0,0,0,0,0,0,0,0,1,1,1,1,0,1
6SB2FIU9SBc,This song contains a loud organ sound playing a chord melody in the mid-higher register along with a piano panned to the left side of the speakers. The organ is slightly pulsating. A loud e- guitar is playing a simple  short and monotone melody with a delay on the right side of the speakers. All the instruments use reverb. This song may be playing on a beach bar.,0,0,0,0,0,0,0,0,0,0,0,0,0,0,0,0,1,0,0,1,1,0,0,0,0,0,0,0,0,0
-6QGvxvaTkI,"The low quality recording features a live performance of a traditional song and it consists of an echoing male vocal singing over acoustic strings melody, plucked strings melody and wooden percussion. There is a crowd chattering noise in the background. The recording is a bit noisy and it sounds passionate.",1,0,0,1,0,1,0,0,0,1,0,0,0,0,0,0,0,0,0,0,0,0,0,0,0,0,0,0,0,0
3mNOJpN_qOQ,An acoustic guitar is playing single notes of a minor chord progression alongside an acoustic piano playing a melody on itself. Then a string-section comes in for a moment elevating the emotional piece giving it a beauty and soft sadness. The instruments are slightly panned to the left and right side of the speakers. The female voice is softly singing with a little bit of reverb on her voice. This song may be playing at a theater-performance.,0,0,0,0,0,0,0,0,1,0,0,0,1,0,0,0,0,0,0,0,0,0,0,0,0,0,0,0,0,0
4JYJRqwqWGM,This audio contains a melodic bell ringing. In the background you can hear birds chirping. This is an amateur recording.,0,0,0,0,0,0,0,1,0,0,0,0,0,0,0,0,0,0,0,0,0,0,0,0,0,0,0,0,0,0
6uIOGE36tWo,This audio contains someone playing a melody on a guitar in the midrange while someone else is strumming a melody on a cuatro in a higher key. Someone is playing a tambourine while a clarinet is playing a fast lead melody. This audio may be playing as a live concert.,0,0,0,0,0,0,0,1,0,0,0,0,1,0,0,0,0,1,0,0,1,0,0,0,0,0,0,0,0,0
6-XEA0zqo8M,"The song is an instrumental piece. The song is medium tempo with a steady rhythm, groovy bass line, retro keyboard tones. The song is dance-like and entertaining. The song is a hip hop tune and an amateur production.",0,0,0,0,0,0,1,0,0,0,0,0,0,0,0,0,0,0,0,0,0,0,0,1,0,0,0,0,0,0
AF7sah5a_DE,someone is picking and strumming a melody on the acoustic guitar while a slide guitar is playing the main melody on top of it. Then an acoustic drum comes with an e-bass providing the rhythmic support.,0,0,0,0,0,0,0,0,1,0,1,0,1,0,0,0,0,1,0,0,0,0,0,0,0,0,0,0,0,0
1ArUx6UCxe4,The song is an instrumental with a devilish voice laughing. The tempo is fast with a fast paced drumming rhythm with strong cymbal crashes. The song is probably an adult animated show designed to scare.,0,0,0,0,0,0,0,0,0,0,0,1,0,0,0,0,0,0,0,0,0,0,0,1,0,0,0,0,0,0
7_yBcHaoR0w,"This music is an electric guitar lead instrumental. The tempo is slow with no accompaniment and ambient sounds like a popping and swishing sound. The music is a rhythmic, controlled, pleasant, melancholic, sentimental and emotional Electric guitar solo.",0,1,0,0,0,0,0,0,1,0,0,0,0,0,0,1,0,0,0,0,0,0,0,0,0,0,1,0,0,0
AgVUGzrzJ20,"The low quality recording features a jazz song that consists of groovy double bass located in the right channel, groovy piano melody leaning towards the left channel of the stereo image and widely spread shimmering shakers and soft hi-hats. It sounds smooth, chill, easygoing and relaxing - like something you would hear in high-end restaurants.",1,0,0,0,0,0,0,0,0,0,0,0,0,0,0,0,0,0,0,0,0,0,0,0,0,0,0,0,0,0
59Mt7J_0KT4,"This is an intro to a YouTube video. Initially, there is a turntable scratching sound with a shouting sample. Then an upbeat jazz music piece starts playing. There is a piano and a flute playing the melody while a bass guitar plays in the background. The jazz acoustic drum beat provides the rhythm. There is a car engine sound coming from a video gameplay. It is a whole mashup of different sounds.",0,0,0,0,0,0,0,0,0,0,1,0,0,0,1,0,1,0,0,0,0,0,0,0,0,0,0,0,0,0
-R0267o4lLk,You can hear two people playing various percussive instruments. One is holding the same beat playing on congas while the other is playing a solo changing rhythms and percussive sounds in a complex manner. This song may be playing live demonstrating a solo run.,0,0,0,0,0,0,0,0,0,0,0,0,0,0,0,0,0,0,0,0,0,0,0,0,0,0,0,0,0,0
0ADP-O_V3vA,"This song is a lively Ukrainian duet. The tempo is fast and upbeat with a bright keyboard harmony, infectious drumming , groovy bass line and rhythmic acoustic guitar. The music is energetic, enthusiastic, lively, high-spirited , cheerful, happy, warm, buoyant and catchy with a simple melody. This song is a Ukrainian Pop song.",0,0,0,0,1,0,0,0,0,0,0,1,0,0,0,0,0,0,0,1,0,0,0,0,0,0,0,0,0,0
6ayVxYbKBe0,"This music is an electric guitar instrumental Rock. The tempo is medium with an electric guitar lead. The music is loud and boomy with an intense riff. The audio quality is inferior so the sound is muffled and muddy. The music however is energetic, youthful, spirited and enthusiastic.",0,1,0,0,0,0,1,0,0,0,0,0,0,0,0,0,0,0,0,0,0,1,0,0,0,0,1,0,1,0
9aE33JEIGOg,"A female vocalist sings this soft melody. The song is slow tempo with a mellow electric guitar harmony, soft keyboard accompaniment , a soft lilting flute melody and subtle bass line. There is no use of percussion. The song is soft, mellow, emotional, nostalgic and sentimental . This song is Soft pop.",0,0,1,0,0,0,0,0,1,0,0,0,0,0,0,0,0,0,0,0,0,0,0,0,0,0,0,0,0,0
6F8qv0JBWkE,"This piece is full of orchestra instruments playing a sequence full of rapid changes with a little darker emotions. Sounding gigantic, dangerous and heroic. This song may be playing at a live concert or for a scene in a movie.",0,0,0,0,0,0,1,0,0,0,0,0,0,0,0,0,0,0,0,0,0,0,0,0,0,0,0,0,0,0
11fNNN95_og,"This is an analog sounding video game theme. The melodic structure consists of a keyboard, a synth brass and a synth strings sound. The atmosphere is action-filled and ominous. There is an arcade feel to it. This piece could be used in the soundtrack of an action video game.",0,1,0,0,0,0,0,0,0,0,0,0,0,0,0,0,0,0,0,0,0,0,0,0,0,0,0,0,0,0
3Nwsd439zmU,The low quality recording features a live performance of a folk song and it consists of harmonica melodies played over groovy double bass and shimmering hi-hats. The recording is noisy and fairly wide.,1,0,0,0,0,1,0,0,0,1,0,0,0,0,0,0,0,0,0,0,0,0,0,0,1,0,0,0,0,0
1IMi7yfZVVM,"The low quality recording features a groovy buzzy synth bass with a filter effect on it, followed by punchy ""4 on the floor"" kick pattern, shimmering hi hats, wide mellow high pitched sound effect and echoing male vocal singing over it. It sounds energetic and groovy.",1,0,0,0,1,0,0,0,0,0,0,0,0,0,0,0,0,0,1,0,0,0,0,0,1,0,0,0,0,0
1Xtkou9dtyA,"The Alternative/Indie song features layered punchy kicks, energetic crash cymbals, groovy bass and synth key chords, followed by electric guitar licks. It sounds haunting and energetic, almost like a halloween themed song.",0,0,0,0,1,0,0,0,0,0,0,0,0,0,0,0,0,0,0,0,0,0,0,0,0,0,0,1,0,1
6XZGmRuaOfo,"This is a techno trance music piece being performed on the keyboard. It is an instrumental piece. Initially, a brief tune is being played with the piano sound. Then, a wobbly bass and an electronic drum beat starts playing. The atmosphere is energetic and the sound is urban. This piece could be used in the soundtrack of a mobile car racing game.",0,1,0,0,1,0,0,0,0,0,0,0,0,0,0,0,0,0,0,0,0,0,0,0,0,0,0,0,0,0
0ISHZQJdeSw,"A male vocalist sings this Rap. The tempo is slow with enthusiastic drumming, syncopated piano harmony, digital beats ,keyboard arrangements with vocal backup and a catchy vocal riff. The rap is catchy, youthful, insightful, enthusiastic, intense, passionate, emotional and persuasive. This song is contemporary Rap/Hip-Hop.",0,0,1,1,0,0,0,0,1,0,0,0,0,0,0,0,0,0,0,0,0,0,0,0,0,0,0,0,1,0
8ntKBILZ06k,"This song is a child yodelling .The tempo is medium with an enthusiastic guitar accompaniment. The yodelling is melodic, calm, engaging, and pleasant. The song  has minimal instrumentation with vocal emphasis.",0,0,0,0,1,0,0,0,0,0,0,1,0,0,0,0,0,0,0,0,0,0,0,0,0,0,0,0,0,0
AEyeITzfPa0,This is a Bhajan music piece. There is a male vocalist singing in a calm but devotional manner. The bansuri and the tanpura provide the melodic background of the song while the tabla percussion can be heard in the rhythmic background. There is a spiritual atmosphere to the piece. This music could be played at Hindu religious events and related social media content.,0,0,0,0,0,0,0,0,0,0,0,0,0,0,0,0,0,0,0,0,0,0,0,0,0,0,0,0,0,0
2cxs73i3l1M,"The low quality recording features a passionate female vocal, alongside harmonizing background vocals, singing over wide wooden percussion, groovy bass and shimmering shakers. It sounds joyful, emotional and passionate. The recording is noisy.",1,0,1,1,0,1,0,0,0,0,0,0,0,0,0,0,0,0,0,0,0,0,0,0,0,0,0,1,0,0
-rAhS48FkYw,"The low quality recording features a pop song that consists of a passionate male vocal singing over mellow kick hits, shimmering hi hats, wide electric guitar melody, syncopated snare and wooden percussion. The first half of the loop does not consist of the vocal, snare and hi hats. It sounds happy, fun and joyful.",1,0,0,0,0,0,0,0,0,0,0,0,0,0,0,0,0,0,0,1,0,0,0,0,1,0,0,0,0,0
7vC1iriZlX8,This is a meditation music piece. It is an instrumental piece. Tibetan singing bowls in various sizes are rung to create a soothing atmosphere. It is the perfect background music for a meditation video. It could also be playing in the background at a spa or a wellness center.,0,1,0,0,0,0,0,0,0,0,0,0,0,0,0,0,0,0,0,0,0,0,0,0,0,0,0,0,0,0
Aak-VLHtFPM,"This music is a lively instrumental. The tempo is fast with an enthusiastic Brass and wind instrument harmony. The vigorous trumpets, trombone and tuba accompaniment, along with clanging cymbals and playful clarinet make for an upbeat, cheerful, happy, energetic and Perky Band Music.",0,1,0,0,1,0,0,0,0,0,0,1,0,0,0,0,0,0,0,0,0,0,0,0,0,0,0,0,0,0
89eBh_Djflw,"The low quality recording features a cover of a boogie song sung by a passionate male vocalist, followed by funky electric guitar melodies. It sounds passionate, groovy, funky and the recording is in mono and noisy.",1,0,0,1,0,1,0,0,0,0,0,0,0,1,0,0,0,0,1,0,0,0,0,0,0,0,0,0,0,0
9mIDP_OT1uM,Someone is strumming an acoustic guitar while playing a fingerstyle melody and percussive sounds. This is an amateur recording. This song may be playing at a bonfire.,0,0,0,0,0,0,0,1,0,0,0,0,1,0,0,0,0,0,0,0,1,0,0,0,0,0,0,0,0,0
2BBAUwC1BI4,"The low quality recording features an arpeggiated electric guitar melody performance. The recording is noisy and in mono, as it was probably recorded with a phone. It sounds mystical and intense.",1,0,0,0,0,1,0,0,0,0,0,0,0,1,0,0,0,0,0,0,0,0,0,0,0,0,0,0,0,0
0c1YU_VtFRE,This recording is full of environmental sounds like wind and other sounds. Then at the end a beep tone comes and an acoustic piano is playing an arpeggio melody with reverb on it. This is an amateur recording. This song may be used as an outro or intro in an amateur video.,0,0,0,0,0,0,0,1,0,0,0,0,0,0,0,0,0,0,0,0,0,0,0,0,0,0,0,0,0,0
11D0JdB7_4k,This song features a didgeridoo being played using the vibration produced by blowing the lips on the instrument. This produces a droning sound. The droning sound alternates with the bass sound of the didgeridoo in a pattern. There are no other instruments in this song. There are no voices in this song. This is an instrumental song. This song can be played in a movie scene when a man lost in a forest approaches a tribal settlement.,0,0,0,0,0,0,0,0,0,0,0,0,0,0,0,0,0,0,0,0,0,0,0,0,0,0,0,0,0,0
AuwwPMrH5sE,"This is the electric guitar cover of a pop punk/pop rock music piece. There is an electric guitar playing a simple riff. In the backing track, a male vocalist is singing melodically at a high range.",0,0,0,0,0,0,0,0,0,0,0,0,0,0,0,1,0,0,0,0,0,0,0,0,0,0,0,0,0,0
4vsI0Kwn8jY,The song is an instrumental. The song is a medium tempo with a mandolin player playing a cheerful melody with no other instrumentation. The song is positive and has a delightful dance rhythm. The song has an average audio quality.,0,0,1,0,0,0,1,0,0,0,0,0,0,0,0,0,0,0,0,0,0,0,0,1,0,0,0,0,0,0
8jDanS4ZzRc,This orchestral song features violins playing the main melody along with trumpets. This is accompanied by the bass being played on a cello. The percussion is played on a timpani. There are no voices in this song. This is an amateur recording. This song can be played in a fairytale animation movie.,0,0,0,0,0,0,0,0,1,0,0,0,0,0,0,0,0,0,0,0,0,0,0,0,0,0,0,0,0,0
4CkJjhuYRmY,"The song is an instrumental. The tempo is medium with a horn playing melody accompanied, by a string section, horn section and a rhythm section and led by a conductor. The song is exciting and regal. The song is a classical western tune.",0,0,1,0,0,0,1,0,0,0,0,0,0,0,0,0,0,0,0,0,0,0,0,1,0,0,0,0,0,0
0ZNFJz-eZTU,"The low quality recording features a jazz song cover that consists of a passionate saxophone melody played over soft hi hats and kick hits, snappy rimshots, smooth bass, organ keys chords and mellow piano chords. It sounds emotional, passionate and reverberant - as it was probably recorded in a medium size room.",1,0,1,1,0,0,0,0,0,0,0,0,0,0,0,0,0,0,0,0,0,0,0,0,0,0,0,0,0,0
2GepmcbNlJY,The recording is of poor quality. A male voice is singing soulfully along to a backing instrumental sounding like coming out of some speakers. There is a piano playing and you can hear electric drums. This song may be playing at home practicing singing.,0,0,0,0,0,0,0,1,0,0,0,0,0,0,0,0,1,0,0,0,0,0,0,0,0,0,0,0,0,0
1PN-bfs2EhY,"The low quality recording features a girl with a sweet voice singing over pop songs played on playback. The recording is in mono, very noisy and it sounds muffled, but also happy, fun and innocent.",1,0,0,0,0,1,0,0,0,0,0,0,0,1,0,0,0,0,0,1,0,0,0,0,0,0,0,0,0,0
3Yc7_n6mDsI,"The low quality recording features a drum solo that consists of punchy snare hits and occasional snare roll, punchy kick and shimmering hi-hats. It sounds energetic and the recording is in mono and noisy.",1,0,0,0,1,1,0,0,0,0,0,0,0,1,0,0,0,0,0,0,1,0,0,0,1,1,0,0,0,1
Al_OdIuqoe0,"This is the live performance of an afrobeat music piece. There is a male voice singing occasionally. The melody is being played by a wide variety of instruments such as the electric guitar, the keyboard and the bass guitar. There is a saxophone playing a solo. In the rhythmic background, there is an acoustic drum beat in the style of afrobeat. It is joined by percussive elements. There is a vibrant atmosphere in this recording. This piece could be playing in the background of a West African cuisine restaurant.",0,0,0,0,0,0,0,0,0,1,1,0,0,0,1,1,0,0,0,0,0,0,1,0,0,0,0,0,0,0
AUNK8dJzjLo,This is the live performance of a traditional Greek folk music piece. The main melody is being played by a bouzouki which is a Greek instrument that is akin to the mandolin. There is a rhythmic accompaniment composed of a tambourine and the crowd clapping to the beat. The atmosphere is lively and upbeat. This piece could be playing in the background at a Greek tavern.,0,0,0,0,1,0,0,0,0,1,0,0,0,0,0,0,0,0,0,0,0,0,0,0,0,0,0,0,0,0
8dE1x--TuF8,This is a Hindi film music piece. This is an instrumental piece. The harmonica is playing a cheerful melody in the lead. The glockenspiel is playing a secondary melody while the acoustic guitar and the bass guitar are supporting them in the background. The acoustic drums are playing a jazz swing beat with the brushes. The atmosphere is lively. This piece could be used in a feelgood movie during scenes where everything is going well for the main character.,0,1,0,0,0,0,0,0,0,0,1,0,1,0,1,0,0,0,0,0,0,0,0,0,0,0,0,0,0,0
1W2Cz2Jj76Q,"The low quality recording features a muffled male vocal talking, after which he starts playing breathy flute melody. It is noisy, in mono and it sounds muffled and distorted, as it was probably recorded with a poor quality microphone.",1,0,0,0,0,1,0,0,0,0,0,0,0,1,0,0,0,0,0,0,0,0,0,0,0,0,0,0,0,0
0_XItMAYkwc,This song contains a simple acoustic drum groove with a cowbell sound. Two e-guitars and an e-bass are all playing the same melody spread across the speakers. Another e-guitar is strumming dissonant chords in the background panned to the left side of the speakers. Male voices are singing in a higher key. This song may be playing while cooking with joy.,0,0,0,0,0,0,0,0,0,0,1,0,0,0,0,0,0,1,0,0,1,0,0,0,0,0,0,0,0,0
9Rx57dlJtIA,"The low quality recording features a blues song that consists of a passionate male vocal singing over acoustic guitar melody in the left channel, muted acoustic guitar melody in the right channel of the stereo image, groovy bass, mellow snare and shimmering cymbals. It sounds passionate and emotional.",1,0,1,1,0,0,0,0,0,0,0,0,0,0,0,0,0,0,0,0,0,0,0,0,0,0,0,1,0,0
2wGkbHl3IUE,"The low quality recording features a bagpipes melody playing while a dog is howling. It sounds emotional and passionate, even though the recording is noisy.",1,0,1,1,0,1,0,0,0,0,0,0,0,0,0,0,0,0,0,0,0,0,0,0,0,0,0,0,0,0
1j13NdQiw8c,"This music is instrumental. The tempo is fast with a lively keyboard harmony, steady drumming, groovy bass lines and harmonica melodic. The song is fresh, groovy, sunny, happy; vivacious and spirited. The song is a live performance outdoors as there are ambient nature sounds like the breeze,and sound of people talking.",0,1,0,0,0,0,0,0,0,0,0,1,0,0,0,0,0,0,0,0,0,0,0,0,0,0,0,0,1,0
AzhfZ8rNhRk,"This is the noise of a fire alarm with rock music faintly playing in the background. The rock music piece has a shouting vocal, electric guitar and drums. The fire alarm makes a very disturbing sound.",0,0,0,0,0,0,0,0,0,0,0,0,0,0,0,1,0,0,0,0,0,0,0,0,0,0,0,0,0,0
5XXAeSybGK0,"The low quality recording features a cover of a song sung by passionate girl vocalists over acoustic guitar melody and smooth bass. The recording is very noisy and crackly. Judging by the quality of it, the vocalist is singing on a very cheap sounding microphone - which makes the sound quality even worse.",1,0,0,0,0,1,0,0,0,0,0,0,0,0,0,0,0,0,0,0,0,0,0,0,0,0,0,0,0,0
AYln23c8g6w,A synth lead is playing a high pitched melody along with a piano playing chords. The piano has some delay and in the background you can hear a thin synth pad rising in volume with all the other instruments. This song may be playing in a club.,0,0,0,0,0,0,0,0,0,0,0,0,0,0,0,0,1,0,0,0,1,0,0,0,0,0,0,0,0,0
AqSV_WKZxEc,"The song is an instrumental. The tempo is slow with a string section harmony with sweeping lines of music, piano playing poignantly and emotional chord changes. The song is a movie soundtrack that has an air of suspense and hope. The song audio quality is very poor with hissing tones.",0,0,1,0,0,0,0,0,1,0,0,0,0,0,0,0,0,0,0,0,0,0,0,1,0,0,0,0,0,0
2uagA3ujRtM,This clip features purring sounds as the main sound. This is accompanied by violins playing a lullaby melody in the background. The sounds of crickets chirping are also played in the background. This clip does not contain any voices or any other musical instruments.,0,0,0,0,0,0,0,0,0,0,0,0,0,0,0,0,0,0,0,0,0,0,0,0,0,0,0,0,0,0
2Ui85-AOLyo,This is a live recording of a DJ doing deck scratching on a hip hop song.,0,0,0,0,0,0,0,0,0,0,0,0,0,0,0,1,0,0,0,0,0,0,0,0,0,0,0,0,0,0
7pdrGzdWMzI,"This is a drumstep piece which is a mixture of the genres drum & bass and dubstep. There is a fuzzy and aggressive synth bass sound playing the melody with the use of a vocoder. An electronic drum with a sound similar to a 909 kit is playing a simple beat in the rhythmic background. The song is mid tempo, but it still has a danceable aura. It could be used in sportswear advertisements or could be playing in the background of a nightclub.",0,0,0,0,0,0,0,0,0,0,0,0,0,0,0,0,0,0,0,0,0,0,0,0,0,0,0,0,0,0
6FQ1nQ0FvgQ,This audio contains male voices singing together an opera in a higher pitch creating harmonies. In the background you can hear strings playing. This song may be playing live in a theater.,0,0,0,0,0,0,0,1,1,0,0,0,0,0,0,0,0,0,0,0,0,0,0,0,0,0,0,0,0,0
5XNalwqtkFg,"This is an instrumental meditation music piece. The only instrument being played is the Tibetan singing bowl. The bowl is being rung repeatedly at varying accentuations. Then, the mallet is being rubbed outside the bowl to interrupt the resonant sound. There is a calming and soothing atmosphere to this recording. It could be used in the background of a meditation video. It could also be sampled for use in beat-making.",0,1,0,0,0,0,0,0,0,0,0,0,0,0,0,0,0,0,0,0,0,0,0,0,0,0,0,0,0,0
8tY6nioUQIw,This song features a flute being played at a high pitch. The melody is of a folk song. There are no other instruments in this song. There are no voices in this song. This song can be played in an animation movie featuring a person skipping in a forest.,0,0,0,0,0,0,0,0,0,0,0,0,0,0,0,0,0,0,0,0,0,0,0,0,0,0,0,0,0,0
7yK4-hsVX1o,This is a French electronic pop music piece. There is a male vocalist singing in the lead. A melodic pad is playing a repeated theme while a fuzzy synth bass is playing a loud bass line. There is an electronic drum beat in the rhythmic background. The atmosphere is sensual and erotic. This piece could be playing in the background at a nightclub or a dance club in France.,0,0,0,0,0,0,0,0,0,0,0,0,0,0,0,0,0,0,0,0,0,0,0,0,0,0,0,0,0,0
-NmjCyqIavI,This is an amateur recording of a female voice beatboxing. It is a funny recording. It could be playing in the background of comedic social media content.,0,0,0,0,0,0,0,1,0,0,0,0,0,0,0,0,0,0,0,0,0,0,0,0,0,0,0,0,0,0
-wVWjl9Kq6U,"This music is a melodic instrumental. The tempo is medium  with a captivating electric guitar lead, rhythmic acoustic guitar, funky bass line, keyboard accompaniment, steady drumming and trumpets. The music is soothing, atmospheric, euphonious, youthful, and soulful. This instrumental is a Soft Rock/Funk pop.",0,1,0,0,0,0,1,0,0,0,0,0,0,0,0,0,0,0,1,0,0,0,0,0,0,0,0,0,1,0
6Kb0q9J8lPA,"A lot of male voices are chanting a mantra. Their voices reach from the low register up to the mid range. A drone pad sound is panned to the right side of the speakers along with a pluck playing single notes on top. The voices are also spread along the speakers and the whole recording is full of big reverb and a little bit of reverb. This song may be played while meditating or in an epic, heroic movie scene.",0,0,0,0,0,0,1,0,0,0,0,0,0,0,0,0,0,0,0,0,0,0,0,0,0,0,0,0,0,0
5-tx4Fgqetc,This clip features a didgeridoo being played. The sound it produces is a droning sound alternating with a bass sound. There are no voices in this clip. This is an instrumental clip of only a didgeridoo. There are no other instruments in this song.,0,1,0,0,0,0,0,0,0,0,0,0,0,0,0,0,0,0,0,0,0,0,0,0,0,0,0,0,0,0
0fqtA_ZBn_8,"The low quality recording features a live performance of a traditional song that consists of fruity male vocals, alongside harmonizing boy background vocals, singing over subtle strings melody and wooden percussion. It sounds passionate, soulful and emotional, even though the recording is really noisy, as it was probably recorded with a poor quality microphone.",1,0,1,1,0,1,0,0,0,1,0,0,0,0,0,0,0,0,0,0,0,0,0,0,0,0,0,0,0,0
9STauy5DsC8,"A male rapper sings this exciting melody. The tempo is fast with a groovy bass line, grunge keyboard tones, strong drumming rhythm, various percussion hits and beeping tones. The song is pulsating and energetic. The audio quality is very poor.",0,0,0,1,1,0,0,0,0,0,0,1,0,0,0,0,0,0,0,0,0,1,0,0,0,0,0,0,0,0
1kYDbl5Y9Sg,This is the live performance of a Paraguayan folk music piece. There is no singer. There is a Paraguayan harp playing a vibrant yet melancholic tune. The atmosphere is heart-touching. This piece could be used in the soundtrack of a drama movie during a scene of serenity or mourning.,0,1,0,0,0,0,0,0,0,1,0,0,0,0,0,0,0,0,0,0,0,0,0,0,0,0,0,0,0,0
39MksqVeLdY,"The low quality recording features a live performance where a DJ is playing his set. There are crowd noises in the background. The recording is noisy and it sounds manic, aggressive, distorted and upbeat.",1,0,0,0,0,1,0,0,0,1,0,0,0,0,0,0,0,0,0,0,0,0,0,0,0,0,0,0,0,0
3tlaELkmRqs,This song is an amateur recording of a person strumming an acoustic guitar. A group of adults and children sing the main melody using vocables and no lyrics. The melody is repetitive. There are no other instruments in this song. The song has a happy mood. This is a party song.,0,0,0,0,0,0,0,1,0,0,0,0,1,0,0,0,0,0,0,0,0,0,1,0,0,0,0,0,0,0
1lgqqW5TsJk,"This song contains digital drums with a deep low kick sound, a sharp hi hat and a loud bellsound with its own rhythm. A synthesizer is playing a lead sound in the mid range before jumping up an octave after a male scratched vocal sample is being played. This song may be playing in a club.",0,0,0,0,0,0,0,0,0,0,0,0,0,0,0,0,0,0,0,0,1,0,0,0,0,0,0,0,0,0
8y36aT4C_c0,"This music is a western classical. The tempo is slow with violins, trumpets, flute, cello. Viola, bassoon harmony. The music is soft, mellow, mellifluous, rich, elegant and exquisite. This is a live performance/concert.",0,1,0,0,0,0,0,0,1,1,0,0,0,0,0,0,1,0,0,0,0,0,0,0,0,0,0,0,0,0
6u1ckcErgcQ,"The Funk song features a passionate female vocalist talking and singing over funky wide electric guitars and some guitar licks in the right channel, followed by smooth synth keys, punchy snare hits, soft kick hits, bouncy hi hats, soft crash cymbals and funky bass guitar. What makes this song low quality is the stereo imbalance - regardless, it sounds funky.",1,0,0,0,0,0,0,0,0,0,0,0,0,0,0,0,0,0,0,0,0,0,0,0,0,1,0,0,0,0
92sRFZvCnWo,"This is a dance remix of a pop music piece. There are two vocals in the piece, one male and one female. Heavy effects are used on the vocals to make them repeat syllables. There is a repeating string sample as the melody. A complex electronic drum beat provides the rhythmic background. The piece has a groovy feel. It can be played at nightclubs. It could also be used in the soundtrack of a high school drama.",0,0,0,0,0,0,0,0,0,0,0,0,0,0,0,0,0,0,1,0,0,0,0,0,0,0,0,0,0,0
32iayLTRmxg,This song contains a digital drum with a soft subbass. A male voice is rapping along to a repeating male and also female voice sample. The male voice sample uses a harmonizer effect. A riser is preparing the next part of the song. A metallophone/marimba melody is repeating itself through the duration of the whole song. This song may be playing in an urban bar.,0,0,0,0,0,0,0,0,0,0,0,0,0,0,0,0,0,0,0,0,0,0,0,0,0,0,0,0,0,0
40vmsGsFBsw,"The song is an instrumental. The song is medium tempo with a string section accompaniment, timpani playing and other percussion instruments. There are other funny sounds like ball bouncing and other percussion tones. The song is an ad jingle soundtrack. The audio track is of poor quality.",0,0,0,0,0,0,1,0,0,0,0,0,0,0,0,0,0,0,0,0,0,1,0,1,0,0,0,0,0,0
3OWArQGgmm0,"The low quality recording features an electric guitar melody, with echoing wobble effect on, that occasionally distorts. It sounds like the player is trying out an effect for his guitar.",1,0,0,0,0,1,0,0,0,0,0,0,0,0,0,0,0,0,0,0,0,0,0,0,0,0,0,0,0,0
2ZrqWkdwVzo,The low quality recording features a harpsichord melody being played. The recording is extremely noisy and it sounds passionate and emotional.,1,0,1,1,0,1,0,0,0,0,0,0,0,0,0,0,0,0,0,0,0,0,0,0,0,0,0,0,0,0
9Y8NR6nDxjk,"This audio clip features the sound of pages being turned. The percussion is played at regular intervals. In the background, synth sounds are heard playing a soft melody. This sound is from a PC or mobile game.",0,1,0,0,0,0,0,0,0,0,0,0,0,0,0,0,0,0,0,0,0,0,0,0,0,0,0,0,0,0
AjLX_1rBDPM,The song is an instrumental Indian classical tune. The song is medium tempo with two Indian double reed instruments called nadaswaram playing in a duet. The song is emotional and highly lyrical . The song is amateur quality recording and a classic Carnatic music tune.,0,0,0,1,0,0,1,0,0,1,0,0,0,0,0,0,0,0,0,0,0,0,0,0,0,0,0,0,0,0
1ypKEH2kd7g,"The song is an instrumental jazz tune. The tempo is medium with steady drumming with drum brushes and other percussive hits, piano accompaniment, guitar accompaniment, groovy bass line and a muted trumpet playing a cool solo. The song is a jazz improvisation of a romantic melody.",0,0,1,1,0,0,1,0,0,0,0,0,0,0,0,0,0,0,0,0,0,0,0,1,0,0,0,0,0,0
-oP-XX28B0s,"A male singer sings this cool hip hop love song with backup singers in vocal harmony. The tempo is medium with keyboard accompaniment, piano accompaniment, steady drumming rhythm, clapping percussion and other sonic effects. The song is emotional and romantic with a cool dance  groove,",0,0,1,1,0,0,0,0,0,1,0,0,0,0,0,0,0,0,0,0,0,0,0,0,0,0,0,0,0,0
0ewQiU3q5jM,This file contains audio playing a high pitched melody on a music box. The melody sounds a little freighting and is full of reverb. From the recording you can hear a little bit of white noise. This song may be playing in a horror movie scene.,0,0,0,0,0,0,0,0,0,0,0,0,0,0,0,0,0,0,0,0,0,0,0,0,0,0,0,0,0,0
752bW5cjXzw,This folk rock song features an electric guitar playing the main melody in the form of a solo. This is accompanied by fast paced percussion. Another guitar plays a galloping rhythm. A violin plays staccato notes at a fast tempo and the notes follow the root notes of the chords but at higher octaves. This is an instrumental song with no voices. This song has a hippie feel. This song can be played in a retro movie with a hippie theme.,0,1,0,0,0,0,0,0,0,0,0,1,0,0,0,1,0,0,0,0,1,0,0,0,0,0,0,0,0,0
9ogEGxsJcSY,"A male vocalist sings this passionate song. The tempo is slow with emphatic vocals and an acoustic guitar accompaniment. The song is melodic, emotional,sentimental, passionate,pensive, reflective and deep. This song is Alternative Rock.",0,0,1,1,0,0,1,0,0,1,0,0,0,0,0,0,0,0,0,0,0,0,0,0,0,0,1,0,0,0
8wty3wJfmEY,A male Latin singer sings this cool melody. The song is medium tempo with keyboard accompaniment and steady drumming rhythm and a percussive bass-line with missing harmonies. The song is experimental and has bad audio quality.,0,0,0,1,0,0,1,0,0,0,0,0,0,0,0,0,0,0,0,0,0,0,0,0,0,0,0,0,0,0
1BVSYfNCcv0,This is a Malaysian alternative rock music piece. There is a male vocalist singing melodically at the forefront. The main melody is played by the acoustic guitar with the backing of a mellow electric guitar and a simple bass line on the bass guitar. The rhythmic background consists of a basic rock acoustic drum beat. There is a sentimental and easygoing atmosphere to this piece. It could be used in the soundtrack of a drama/romance movie or TV series that takes place in Malaysia.,0,0,0,0,0,0,0,0,0,0,1,0,1,0,1,1,0,0,0,0,0,0,0,0,0,0,0,0,0,0
AVPm96vrUQw,"This is a video game theme. There is an arcade synth playing the main theme at a medium-to-high pitch. The character of the piece is analog sounding. There is a playful and adventurous atmosphere. This piece could be used in movies, TV shows and advertisements targeted at kids. It could also be used in video games.",0,0,0,0,0,0,0,0,0,0,0,0,0,0,0,0,0,0,0,0,0,0,0,0,0,0,0,0,0,0
42QgE4mM55I,A background song is being played containing a female voice singing along to a synthesizer pluck melody and a digital drum with a big deep kick sound. Kids are singing along and laughing when a male voice starts singing along in a higher key. This song may be playing while enjoying time with your family.,0,0,0,0,0,0,0,1,0,0,0,0,0,0,0,0,0,0,0,0,0,0,0,0,0,0,0,0,0,0
7h6nTyP7d9o,This low quality audio features a percussion playing a simple beat in common time. The snare is struck on every alternate count. the bass plays one note. A synth plays one note for four counts followed by a lower note for the next four counts. This song does not have any voices. This song can be played in a video game.,0,1,0,0,0,0,0,0,0,0,0,0,0,0,0,0,0,0,0,0,0,0,0,0,0,0,0,0,0,0
2M-CFCo-rkY,"This is an emotional Japanese pop ballad. The singer has a light, airy and gentle voice that she uses to sing over the deep and full piano arpeggios. The song has a calming and emotional effect.",0,0,1,0,0,0,0,0,0,0,0,0,0,0,0,0,0,0,0,0,0,0,0,0,0,0,0,0,0,0
6C0HoQe4Y-Y,"A child singer sings this passionate Latin melody. The song is slow tempo with steady drumming, tambourine percussions, a strong bass line and brass instruments playing countermelody. The song is spirited and passionate. The song has poor audio quality and has ambient crowd noises.",0,0,1,1,0,0,0,0,1,0,0,0,0,0,0,0,0,0,0,0,0,0,0,0,0,0,0,0,0,0
-bgHkxwoliw,Digital drums are playing a four on the floor rhythm with a kick on every beat along with a bassline and a keyboard sound playing short rhythmic chords and a e-guitar playing a simple melody along. A male voice is singing in a higher key. This song may be playing at a folkfest.,0,0,0,0,0,0,0,0,0,0,0,0,0,0,0,0,0,0,0,1,1,0,0,0,0,0,0,0,0,0
7_q36NyJtQY,"A female vocalist sings this romantic song in a foreign language that sounds like Spanish. The tempo is medium with a melodious guitar accompaniment, slick drumming, piano accompaniment, steady bass line and pandeireta rhythm. The song is soft, mellow, catchy, emotional and soothing. This song is a Folk Pop/Regional Pop song.",0,0,0,0,0,0,1,0,0,0,0,0,0,0,0,0,0,0,0,0,0,0,0,0,0,0,0,0,0,0
-lPXTBXa0tE,The song is an instrumental. The song is medium tempo played by a solo guitarist on a vintage super tone with an exquisite tone. The song is emotional and passionate. The song has poor audio quality.,0,0,0,1,0,0,1,0,0,0,0,0,0,0,0,0,0,0,0,0,0,0,0,1,0,0,0,0,0,0
3w_LsKl-3Pk,"The low quality recording features a traditional song that consists of a passionate woodwind melody played over wooden percussive elements. It sounds soulful, passionate and emotional, even though the recording is in mono and noisy.",1,0,1,1,0,1,0,0,0,0,0,0,0,1,0,0,0,0,0,0,0,0,0,0,0,0,0,0,0,0
-5FoeegAgvU,The instrumental music features an ensemble that resembles the orchestra. The melody is being played by a brass section while strings provide harmonic accompaniment. At the end of the music excerpt one can hear a double bass playing a long note and then a percussive noise.,0,1,0,0,0,0,0,0,0,0,0,0,0,0,0,0,0,0,0,0,0,0,0,0,0,0,0,0,0,0
5y2M_K3bUcQ,The low quality recording features a groovy didgeridoo melody playing over wooden percussion. The recording is noisy and in mono.,1,0,0,0,0,1,0,0,0,0,0,0,0,1,0,0,0,0,0,0,0,0,0,0,0,0,0,0,0,0
7JE2eBK1f9M,"This is a contemporary classical music piece. It is an instrumental piece. There is a strings section playing the chords while the violin in the lead is playing a dramatic tune. The piano is playing accentuated notes. There is a percussion line in the rhythmic background. There is a dramatic atmosphere that is full of suspense. This piece could be used in the soundtrack of a sci-fi drama movie, especially during the scenes where a big revelation is about to take place.",0,1,0,0,0,0,0,0,0,0,0,0,0,0,0,0,1,0,0,0,0,0,0,0,0,0,0,0,0,0
0AGHo8V8HpM,"This music is instrumental. The tempo is fast with a spirited cello and harpsichord accompaniment. The music is lively, intense, rich, complex , exquisite and engaging. This music a Western Classical.",0,1,0,0,0,0,0,0,0,0,0,1,0,0,0,0,0,0,0,0,0,0,0,0,0,0,0,0,0,0
AJROvxlmo40,"The low quality recording features suspenseful strings chords layered with a reversed crash riser, after which there is a flat female vocal talking. It sounds suspenseful and intense.",1,0,0,0,0,0,0,0,0,0,0,0,0,0,0,0,0,0,0,0,0,0,0,0,0,0,0,0,0,0
2kORDnISun4,A choral harmony consisting of four parts sings this ethereal harmony. The song is medium tempo with a church organ and orchestra accompaniment. The song is heavenly and innocent. The audio quality is poor.,0,0,0,0,0,0,1,0,0,0,0,0,0,0,0,0,0,0,0,0,0,1,0,0,0,0,0,0,0,0
4EwWBI-tHLk,"This music is a lively harmony of the brass and wind instruments. The tempo is fast with lively tuba, trombone, trumpet, clarinet with mandolin and resonator accompaniment and busking percussion that sounds like scratching. His music is loud, vibrant, perky, engaging and animated street busking.",0,1,0,0,0,0,0,0,0,0,0,1,0,0,0,0,0,0,0,0,0,0,0,0,0,0,0,0,0,0
AaajkQEU3A0,This song contains someone playing a melody on the oud. This song may be playing by a performer live on stage.,0,0,0,0,0,0,0,0,1,0,0,0,0,0,0,0,0,0,0,0,0,0,0,0,0,0,0,0,0,0
4AfykLGm0j8,"This is a compilation of various different music pieces all in one recording to advertise a radio software. The pieces are generic in nature. There is a rock music piece with an electric guitar playing. After a static sound effect, it switches to a pop music piece. There is a female vocalist singing over a keyboard and electronic drum beat background. There is a random feeling to this track.",0,0,0,0,0,0,0,0,0,0,0,0,0,0,0,1,0,0,0,1,0,0,0,0,0,0,1,0,0,0
-JvB5AL59fM,An acoustic drum is playing a simple rock groove with some drum fills on the toms and snare along with a distorted e-bass and e-guitar playing the same line. Panned to the right side of the speaker you can hear a piano sound playing a little melody. A female voice is singing a happy sounding melody while male backing voices are supporting her. This song may be playing sitting in your room enjoying being at home alone.,0,0,0,0,0,0,0,0,0,0,1,0,0,0,0,0,0,1,0,0,1,0,0,0,0,0,1,0,0,0
2Gja9wBkz6U,"The low quality recording features a theremin solo melody. It sounds spacey and weird, as the recording is noisy.",1,0,0,0,0,0,0,0,0,0,0,0,0,0,0,0,0,0,0,0,0,0,0,0,0,0,0,0,0,0
7ym-LzgwSPE,"The low quality recording features an electro song that consists of a gliding synth lead melody played over groovy synth keys chords, exciting synth riser, punchy snare layered with claps, shimmering shakers and punchy kick hits. It sounds energetic and exciting, due to the fact that it is a build up section of the song.",1,0,0,0,1,0,0,0,0,0,0,0,0,0,0,0,0,0,0,0,0,0,0,0,0,1,0,0,0,1
0a6uLBmqZgA,This amateur recording clip features the bagpipes playing a melody. This tune is played at a fast tempo and at a high pitch. There are no other instruments in this song. There are no voices in this song. This song is an instrumental. This song can be played in a village fair. The sound of the crowd cheering is heard throughout the song.,0,1,0,0,0,0,0,0,0,0,0,1,0,0,0,0,0,0,0,0,0,0,0,0,0,0,0,0,0,0
-DeAdhYKbGE,"A bagpipe ensemble playing a quick melody in unison, employing trills to ornament it.",0,0,0,0,0,0,0,0,0,0,0,0,0,0,0,0,0,0,0,0,0,0,0,0,0,0,0,0,0,0
1ZaxqZMs21M,"A male vocalist sings this spirited rock and rock song. The tempo is fast with bright drumming, intense electric guitar feedback, keyboard harmony and rhythmic acoustic guitar with vocal backup. The song is upbeat, spirited, enthusiastic, vibrant, vivacious, buoyant and youthful with a dance groove. The sound quality is inferior making it difficult to understand the lyrics or the finer elements of this Rock and Roll song.",0,0,0,0,1,0,0,0,0,0,0,1,0,0,0,0,0,0,0,1,0,0,0,0,0,0,1,0,0,0
2i4UNf8tjvU,This folk song features a male voice singing the main melody in a southern accent. The voice falls in the bass category. This is accompanied by an acoustic guitar strumming chords. The recording is of low quality and there is a lot of white noise drowning the other sounds. A basic percussion instrument is played. The voice is emotional. This song can be played in a retro style movie where a family goes to meet their grandparents out in the countryside.,0,0,0,0,0,0,0,0,0,0,0,0,1,0,0,0,0,0,0,0,0,0,1,0,0,0,0,0,0,0
6UJhTZgnVro,This song contains a male voice singing together with kids singing and giggling. A piano is playing a melody along with other keyboard sounds. This song may be playing in a kids tv-show.,0,0,0,0,0,0,0,1,0,0,0,0,0,0,0,0,0,1,0,0,1,0,0,0,0,0,0,0,0,0
7XMqcbZKNNw,The music is purely instrumental and so it features no human voice. More gamelans are played but by using different techniques. Other metallic percussion instruments can be heard.,0,1,0,0,0,0,0,0,0,0,0,0,0,0,0,0,0,0,0,0,0,0,0,0,0,0,0,0,0,0
-OUIEnuNd1I,This is a classical music piece belonging to the baroque period. The piece is being performed with a harp. There is a catchy tune being played with a positive aura. This piece could suit well as wedding music. It could be used in the soundtrack of a documentary. It could also be playing in the background of a classy restaurant or a museum.,0,1,0,0,0,0,0,0,0,0,0,0,0,0,0,0,0,0,0,0,0,0,0,0,0,0,0,0,0,0
390At7lW4iw,"Mostly ambient sounds of a rotary phone ringing and someone picking up the phone. In the background there is an ethereal sounding high, gliding synth melody and muffled autotuned vocals. Sounds like an intro to a hip hop song.",0,0,0,0,0,0,0,0,0,0,0,0,0,0,0,0,0,0,0,0,0,0,0,0,0,0,0,0,0,0
0DYH0sqDXB8,"The low quality recording features synth pad chords and synth keys chords played over punchy snare, heartbeat kick and shimmering hi hats. It sounds easygoing, chill and groovy.",1,0,0,0,0,0,0,0,0,0,0,0,0,0,0,0,0,0,1,0,0,0,0,0,1,1,0,0,0,0
5CtvEcPtknI,This song is an alternative rock song which features a male vocalist whispering the lyrics. The guitarist plays arpeggios of the chords while there is a screeching distorted sound in the background.,0,0,0,0,0,0,0,0,0,0,0,0,0,0,0,0,0,0,0,0,0,0,0,0,0,0,0,0,0,0
770ZkZhGy6A,This song has a lot of percussive elements. Also a catchy melody with arpeggios in the background rising and falling. A kick is playing every beat while motorbike sounds evade the soundscape. This song may be playing as an advertisement for a product.,0,0,0,0,0,0,0,0,0,0,0,0,0,0,0,0,0,0,0,0,0,0,0,0,0,0,0,0,0,0
2juYRZnhF3g,Two voices can be heard singing a Christmas song accompanied by a piano or guitar playing along chords. The sounds seem to come out of a box rather than being sung live. The recording is of very poor audio quality. This song may be playing at Christmas time.,0,0,0,0,0,0,0,0,0,0,0,0,0,0,0,0,0,0,0,0,0,1,0,0,0,0,0,0,0,0
AeXDtbfpQlQ,"A male vocalist sings this simple melody. The song is medium tempo with steady keyboard harmony ,boomy bass drops and rhythmic finger snapping. The vocalist is spelling a word in a simple melody indicating that this song is a Children’s Song . It is educational, simple, catchy, bouncy and  a fun way of learning to spell small words.",0,0,0,0,0,0,1,0,0,0,0,0,0,0,0,0,0,0,0,0,0,0,0,0,0,0,0,0,0,0
3otUlQ4wvLY,This amateur recording features a male voice. This is accompanied by an electric guitar. The notes of the chords are first plucked and the chord is struck once. There is no percussion and no other instruments in this song. This is a slow tempo song. The mood of this song is romantic.,0,0,0,0,0,0,0,1,1,0,0,0,0,0,0,0,0,0,0,0,0,0,1,0,0,0,0,0,0,0
9DCJTAzUwNc,"The low quality recording features a reverberant, intimate female vocal singing over soft, arpeggiated piano melody. It sounds haunting, hypnotic, heartfelt and muddy, as the frequencies are clashing and creating a mess in the mix. It sounds like a lullaby.",1,0,0,0,0,0,0,0,0,0,0,0,0,0,0,0,0,0,0,0,0,0,0,0,0,0,0,0,0,0
53UF6F7D284,"The low quality recording features a southern rock song that consists of a fruity male vocal singing over groovy bass guitar, low toms and wide electric guitar melody. It sounds emotional and nostalgic.",1,0,1,0,0,0,0,0,0,0,0,0,0,0,0,0,0,0,0,0,0,0,0,0,0,0,0,1,0,0
0Wdh45yt7tY,"The song is an instrumental. The song is medium tempo with an accordion accompaniment, violin solo and a flute melody. The song is beautiful and nostalgic. The audio quality is poor. The song has an old gypsy soul to it.",0,0,0,0,0,0,1,0,0,0,0,0,0,0,0,0,0,0,0,0,0,1,0,1,0,0,0,0,0,0
7cw7rDLcujI,"This clip features quirky sounds. In the foreground, the sound of a male narrator is played. In the background, sliding whistles are played. Some other quirky sounds are played which are comedic. A random melody is played on a keyboard. The mood of this song is funny. These sounds can be played in a comedy clip.",0,0,0,0,0,0,0,0,0,0,0,0,0,0,0,0,0,0,0,0,0,0,0,0,0,0,0,0,0,0
18mS4cLPOb8,"This piece is a parody of an ad theme. There are female vocals singing at a high-pitch in the major scale, resulting in an epic atmosphere resembling an anthem. The resolution is interrupted by an implied bear attack, breaking the seriousness of the piece.",0,0,0,0,0,0,0,0,0,0,0,0,0,0,0,0,0,0,0,0,0,0,0,0,0,0,0,0,0,0
01hjVJN9xCg,"A low fidelity recording of a gospel choir with group vocals, a female singer, a male rapper, piano, a busy kick pattern, finger snaps and a slow tempo. The mood is hopeful and spiritual.",0,0,0,0,0,0,0,0,1,0,0,0,0,0,0,0,1,0,0,0,0,0,0,0,0,0,0,0,0,0
0TV9zvfwFhs,The R&B music features a male voice singing and being backed by similar male voices from time to time. An electric piano accompanies the singer with long-note chords. The drums play a light rhythm and dictate the flow of the music. Towards the end of the music excerpt a bass guitar starts to play. In the beginning of the passage one can hear a tubular bell being struck once. This sound is very similar to a church bell.,0,0,0,0,0,0,0,0,0,0,0,0,0,0,1,0,0,0,0,0,0,0,1,0,0,0,0,0,0,0
5fPxUI0Fl-4,This song contains two acoustic guitars picking a melody. A digital drum is playing a simple groove when a male voice starts to sing in a higher register with backing vocals. Then the melody drops one octave. The guitars are panned to the left and right side of the speakers. This song may be playing on a road trip with friends.,0,0,0,0,0,0,0,0,0,0,0,0,0,0,0,0,0,0,0,1,0,0,0,0,0,0,0,0,0,0
8qeTEfOqB0A,"The low quality recording features an electro song that features loud choir vocals singing over loud low percussions and some tom rolls. Towards the end of the loop, the choir vocal is sustained and it blends with synth lead riser. It sounds powerful, epic, energetic and exciting.",1,0,0,0,1,0,0,0,0,0,0,0,0,0,0,0,0,0,0,0,0,0,0,0,0,0,0,0,0,0
7WZwlOrRELI,This is a k-pop song with a bouncy and upbeat feel. The instrumental mainly revolves around an intricate bassline and its interplay with the four on the floor percussive pattern. The vocalist has a gentle and seductive voice.,0,0,0,0,0,0,0,0,0,0,0,0,0,0,0,0,0,0,0,1,0,0,0,0,0,0,0,0,0,0
AeDNy6Ff7VE,This is a groovy R&B piece that is used as a soundtrack for a short film. A saxophone plays the main tune while the synth provides the backing theme. Playful electronic drums are in the rhythmic background giving it a 90 feeling. The music piece could be used as a soundtrack theme for a city-themed movie.,0,0,0,0,1,0,0,0,0,0,0,0,0,0,0,0,0,0,1,0,0,0,0,0,0,0,0,0,0,0
ANaaOqwO0Uo,This is a meditation music piece. There is an ambient synth sound playing very faint notes. There are natural sounds that can be heard in the piece such as the water flowing and the crickets chirping. The atmosphere of the piece is relaxing and soothing. The piece would suit perfectly as background music for a meditation video. It could also be playing in the background at spas and wellness centers.,0,1,0,0,0,0,0,0,0,0,0,0,0,0,0,0,0,0,0,0,0,0,0,0,0,0,0,0,0,0
3OLeJZF4oI0,This guitar instruction audio features an acoustic guitar. This starts off with a male voice giving instructions on how to play the guitar. The bass note is played on the open string and the chord is strummed once. This is the Hendrix chord being played on the acoustic guitar. There are no other instruments in this song. There is no vocal melody in this song. This audio can be used in a guitar instruction video.,0,0,0,0,0,0,0,0,0,0,0,0,1,0,0,0,0,0,0,0,0,0,1,0,0,0,0,0,0,0
7cvqeU9Wh-I,This is a soft rock/blues music piece. There is a male vocalist singing melodically in the lead. The electric guitar is playing bits and pieces of sound with the slide technique. There is a synth string sound in the background. The piece has a story-telling mood to it. The atmosphere is calm. This piece could be playing in the background at a coffee shop or a seaside restaurant.,0,0,0,0,0,0,0,0,0,1,0,0,0,0,0,1,0,0,0,0,0,0,0,0,0,0,0,0,0,0
AAWe4zRLVVU,This is the opening theme of a program that was meant for kids. It is in an instrumental piece. There is a keyboard playing the main melody in the lead. There is a bass guitar playing in the background. The rhythm is provided by a fast-tempo acoustic drum beat. There are various sound effects that add a lively texture to this piece. The atmosphere is playful. This piece could be used in kids shows or cartoons. It could also be played during kindergarten activities or child birthday parties.,0,1,0,0,1,0,0,0,0,0,1,0,0,0,1,0,0,0,0,0,0,0,0,0,0,0,0,0,0,0
5AdeNHlPnvs,"The low quality recording features a traditional song that consists of a passionate male vocal singing over breathy flute melody, shimmering tambourine, claps, wooden percussion and strings melody. It sounds passionate and emotional.",1,0,1,1,0,0,0,0,0,0,0,0,0,0,0,0,0,0,0,0,0,0,0,0,0,0,0,0,0,0
6OVb3rjcB3Q,"This clip features an electric guitar played through a distortion effects pedal. At the beginning, the sound is open. The guitar plays a power chord using down strokes. After changing settings on the pedal, a chord is strummed and then arpeggiated notes are played. This produces a 'closed' sound. There are no voices in this song. There are no other instruments in this clip. This clip can be played in a demo video of the distortion effect pedal.",0,1,0,0,0,0,0,0,0,0,0,0,0,0,0,0,0,0,0,0,0,0,0,0,0,0,0,0,0,0
AYOlvoM5bjY,"The low quality recording features a wide shimmering shakers, soft crash cymbals, wide whistling and crowd cheering sounds, followed by addictive accordion melody, walking double bass and ""4 on the floor"" cowbell pattern. It sounds fun, happy, sentimental, euphoric and nostalgic.",1,0,0,0,0,0,0,0,0,0,0,0,0,0,0,0,0,0,0,0,0,0,0,0,0,0,0,0,0,0
5qVc9y3TNnY,This is a Pamiri folk song. The female vocalist is singing melodically accompanied by a choir of both male and female back vocals. A keyboard is playing the main tune while a mixture of loud electronic drums and percussion provide the rhythmic background. This piece has a playful atmosphere. It could be used in a dancing course that involves folk dances of the region.,0,0,0,0,0,0,0,0,0,0,0,0,0,0,0,0,0,0,0,0,0,0,0,0,0,0,0,0,0,0
7muzlOrbDu8,This is a cartoon theme in the style of alternative metal. There is a male lead vocal singing loudly while there are male back vocals singing more melodically. The distorted electric guitars and heavy bass guitar are playing an aggressive tune. The rhythmic background is provided by an acoustic drum beat just as aggressive. The atmosphere is energetic and action-filled. This piece can be used in the soundtrack of an action-based cartoon or a video game.,0,0,0,0,1,0,0,0,0,0,1,0,0,0,1,0,0,0,0,0,0,0,0,0,0,0,0,0,0,0
AuG9i5cwGW0,"The Alternative/indie song features harmonizing male vocals singing over groovy bass, punchy kick and snare hits, straight piano chords, synth lead melody and arpeggiated synth melody. It sounds groovy and addictive - like something you would hear in clubs during the 80s.",0,0,0,0,0,0,0,0,0,0,0,0,0,0,0,0,0,0,1,0,0,0,0,0,0,1,0,1,0,1
9M4IT3lOU10,This clip features very low quality recorded music. There is a lot of ambient noise and the music is not audible. A Latin beat is played and a male voice sings the main melody. This song can be played in a club. No other instruments can be identified.,0,0,0,0,0,0,0,0,0,0,0,0,0,0,0,0,0,0,0,0,0,0,0,0,0,0,0,0,0,0
3ZhyXbwFQAM,"The low quality recording features a wide punchy toms, wide aggressive electric guitars, sustained synth lead, distorted filtered bass and tinny hi hats. It sounds energetic and exciting.",1,0,0,0,1,0,0,0,0,0,0,0,0,0,0,0,0,0,0,0,0,0,0,0,0,0,0,0,0,0
Arqvnp6yUCg,This composition contains a lot of lower pitched percussive sounds. Timpanis are playing rolls that are getting louder at the peak a gong is played loudly. This song may be playing at a live concert.,0,0,0,0,0,0,0,0,0,0,0,0,0,0,0,0,0,0,0,0,1,0,0,0,0,0,0,0,0,0
6JJMlY3Go9s,"A male vocalist sings this emphatic rock. The tempo is medium with vigorous electric guitar, synthesiser arrangement, groovy bass line and intense drumming. The vocals are soft ,sad, lonely, poignant, mellow, and melodic in contrast to the intense instrumentation. This song is Blues-Rock.",0,0,0,0,0,0,1,0,0,0,0,0,0,0,0,0,0,0,0,0,0,0,0,0,0,0,1,0,0,0
AnMR6SOBa9k,"This song is an instrumental. The tempo is slow with an intense spanish guitar melody, and keyboard accompaniment. The music is intense, deliberate, scary, sinister, spooky , eerie and meant to induce fear.",0,1,0,0,0,0,0,0,1,0,0,0,0,0,0,0,0,0,0,0,0,0,0,0,0,0,0,0,0,0
3w4nFQrUQ8k,"This music is instrumental. The tempo is fast with atmospheric synthesiser, percussions like a boomy bass drum, enthusiastic steel pan and snare. The music is loud, resounding,intense, sinister, grim, suspenseful, burgeoning and boomy. This is a Percussion Instrumental.",0,1,0,0,0,0,0,0,0,0,0,0,0,0,0,0,0,0,0,0,0,0,0,0,0,0,0,0,0,0
ALU-1AILj1c,"This music is a mellifluous Indian classical instrumental. The tempo is fast with a harmonic sarod and rhythmic Oud accompaniment. The music is mesmerising, spirited, engaging, captivating and skilfully rendered Ragas. This instrumental is an Indian/Pakistani classical music.",0,1,0,0,0,0,1,0,0,0,0,0,0,0,0,0,0,0,0,0,0,0,0,0,0,0,0,0,0,0
3dUo62RsD00,"This song is a hard rock instrumental. The tempo is fast with bright electric guitars playing lead, steady bass line, punchy drumming and upbeat keyboard harmony The music is energetic, upbeat, youthful, engaging, buoyant, peppy, and groovy.it is a crowd pleaser ,as clapping, cheering , chatter and hooting can be heard in the background.",0,1,0,0,1,0,0,0,0,1,0,0,0,0,0,0,0,0,0,0,0,0,0,0,0,0,0,0,1,0
1Ccis4FDGwY,"The low quality recording features an electric guitar melody playing in the left channel only in the first half of the loop. At the very end of the loop, the second electric guitar melody appears in the right channel of the stereo image, which makes the stereo image more balanced. It sounds mellow, soft and passionate. The recording is a bit noisy.",1,0,0,1,0,1,0,0,0,0,0,0,0,0,0,0,0,0,0,0,0,0,0,0,0,0,0,0,0,0
7WR-hMV2RKs,"The low quality recording features a steel drum solo melody over playback instrumental of urban latin song that consists of groovy synth bass, wide brass melody, sizzling synths, syncopated snare and punchy ""4 on the floor"" kick pattern. It sounds addictive, passionate and upbeat. The steel drum is reverberant due to the fact that it was recorded in a medium size room.",1,0,0,1,0,0,0,0,0,0,0,0,0,0,0,0,0,0,0,0,0,0,0,0,0,0,0,0,0,0
-o0ZtQIkM60,This is a video game theme. There is a cinematic string sound playing the melody while the wind sound effect implies there is a snowstorm. A male choir starts singing alongside orchestral percussive elements. There is an epic atmosphere. This piece could fit well in the soundtrack of a thriller video game where there is a face-off about to happen.,0,0,0,0,0,0,0,0,0,0,0,0,0,0,0,0,0,0,0,0,0,0,0,0,0,0,0,0,0,0
2_mFg42LlUI,"The low quality recording features a huge church organ chord progression, followed by shimmering cymbals, played in a huge reverberant space - most likely a church. It sounds epic and powerful.",1,0,0,0,0,0,0,0,0,0,0,0,0,0,0,0,0,0,0,0,0,0,0,0,0,0,0,0,0,0
3-_QS346VWo,This is a new-age music piece. There is no singer in this piece. The acoustic guitar is playing the main melody. The piano is playing the chords of the piece while in the background a faint synth string sound can be heard. The atmosphere is relaxing and soothing. This piece would make the perfect background music for a meditation video. It could also be playing in the background at a spa or a wellness center.,0,1,0,0,0,0,0,0,0,0,0,0,1,0,0,0,1,0,0,0,0,0,0,0,0,0,0,0,0,0
2MpzHv5KNZU,This is an instrumental classical music performance. There is a gentle tune being played with the piano sound. Ambient sounds such as birds singing can be heard in the recording. The atmosphere is soothing and relaxing. This is a perfect piece for a sleep music playlist. It could also work well as an advertisement jingle. It could be playing in the background at a nursery.,0,1,0,0,0,0,0,0,0,1,0,0,0,0,0,0,1,0,0,0,0,0,0,0,0,0,0,0,0,0
9VE1-3q27Qg,"The music excerpt features a sparse melody being played by an electronic sound that has a vibrating reverb effect on. A synth bass accompanies the melody by playing two notes per beat, one being low and the other an octave higher. In the background one can hear sound effects.",0,0,0,0,0,0,0,0,0,0,0,0,0,0,0,0,0,0,0,0,0,0,0,0,0,0,0,0,0,0
-FEPOSP7ay0,The low quality recording features loud bells and metallic squeaking sounds. The recording is mono and noisy.,1,0,0,0,0,1,0,0,0,0,0,0,0,1,0,0,0,0,0,0,0,0,0,0,0,0,0,0,0,0
8MF6nFj02sM,This audio contains a string section playing a sad/melancholic piece. A violin/viola is playing the lead melody while celli and upright basses being played with a bow are supporting the melody with chords. The lead melody is panned to the right side of the speakers. This song may be playing in a sad and dramatic movie scene.,0,0,0,0,0,0,0,0,1,0,0,0,0,0,0,0,0,0,0,0,0,0,0,0,0,0,0,0,0,0
5bn7PPKcqSA,"This music is an Electronic instrumental. The tempo is slow with synthesiser arrangements and digitally arranged sounds. The music is dark, futuristic,intense, sinister, and scary with a gothic ambiance. This music is futuristic techno pop.",0,1,0,0,0,0,0,0,1,0,0,0,0,0,0,0,0,0,0,0,0,0,0,0,0,0,0,0,0,0
1a_nvi4sW64,"The low quality recording features a disco song that consists of passionate female vocals and wide harmonizing female vocals singing over funky bass guitar, mellow synth keys chords, funky electric guitar chords, shimmering hi hats, clapping and ""4 on the floor"" kick pattern. It sounds funky and energetic, but also thin and hollow, due to the bad mixing.",1,0,0,0,1,0,0,0,0,0,0,0,0,0,0,0,0,0,0,0,0,0,0,0,1,0,0,0,0,0
A-7dmBdsFXc,"The low quality recording features a dark tinny bells melody played over synth pad chords, followed by echoing whispering male and haunting whispering female vocals. It sounds haunting, hypnotic, creepy, scary and like something that belongs to a horror movie.",1,0,0,0,0,0,0,0,0,0,0,0,0,0,0,0,0,0,0,0,0,0,0,0,0,0,0,0,0,0
3uz_ZrGsIaA,"The low quality recording features a clean electric guitar melody with a beautiful reverb effect on it. The recording is a bit noisy and in mono, and it sounds like a player is practicing his melodies.",1,0,0,1,0,1,0,0,0,0,0,0,0,1,0,0,0,0,0,0,0,0,0,0,0,0,0,0,0,0
9QEm6u4bowQ,"This music is instrumental. The tempo is medium fast with an energetic electric guitar lead. The music is minimalist with no accompaniment. It is youthful, powerful, enthusiastic, controlled, engaging and intense. This music is Hard Rock/Heavy Metal.",0,1,0,0,0,0,0,0,0,0,0,1,0,0,0,1,0,0,0,0,0,0,0,0,0,0,1,0,1,0
7XQN9XDnRm4,"The song is led by a theremin whistle which plays high pitched tones and a harp playing arpeggios in the background. The feel of the song is soothing, tranquil, ethereal - and makes you feel as if you are peacefully sitting in an otherworldly environment.",0,0,0,0,0,0,0,0,0,0,0,0,0,0,0,0,0,0,0,0,0,0,0,0,0,0,0,0,0,0
8FawGISo8wY,"A male singer sings this slick melody with male backup singers in vocal echo type harmony. The song is medium tempo with heavy bass drops, strong drumming rhythm, keyboard accompaniment and slick percussive hits. The song is a modern techno dance tune and groovy in nature. The song is average in audio quality and serves as a documentary soundtrack.",0,0,0,0,0,0,1,0,0,0,0,0,0,0,0,0,0,0,1,0,0,0,0,0,0,0,0,0,0,0
1uHF1-8TcEk,The clip features a choir singing a hymnal type of song. This was recorded live. There's a piano accompanying the choir. They are humming in a gentle and angelic way.,0,0,0,0,0,0,0,0,0,0,0,0,0,0,0,0,1,0,0,0,0,0,0,0,0,0,0,0,0,0
2YAyM0aHFRU,"This song has a traditional African Arabic feel to it. There is an accordion, an upbeat vibe, and an ethnic vocal performance by the male vocalist. It is a live recording and the audio quality is not professional.",0,0,0,0,0,0,0,0,0,0,0,0,0,0,0,0,0,0,0,0,0,0,0,0,0,0,0,0,0,0
AAoqx07aTRI,"The song is an instrumental abstract piece. The song is medium tempo but with no actual pulse, whizzing sounds, shaker tones and buzzing noise and keyboard tones.The song is chaotic and highly experimental. The song is a psychedelic instrumental like a music Rorschach test.",0,0,0,0,0,0,0,0,0,0,0,0,0,0,0,0,0,0,0,0,0,0,0,0,0,0,0,0,0,0
7k3OZ_fPXuM,A voice sample is ringing out with a lot of reverb. A synth pad is underlining an acoustic piano being played with a lot of reverb and delay creating an arpeggio. A guitar is playing another melody also with a lot of reverb and delay creating a ping pong effect on both sides of the speakers. There is another pulsating little synth sound being played in a higher key. This song may be playing at home relaxing and daydreaming.,0,0,0,0,0,0,0,0,1,0,0,0,0,0,0,0,0,0,0,0,0,0,0,0,0,0,0,0,0,0
2lBZ6yPW9WU,"The low quality, noisy recording features a wooden rubbing sound effect, followed by a short exhale blow. The recording has wide natural sounds, including birds chirping, as it was recorded outdoors.",1,0,0,0,0,1,0,0,0,0,0,0,0,0,0,0,0,0,0,0,0,0,0,0,0,0,0,0,0,0
-8cgbhIR_pw,"The low quality recording features a cover of a ballad song that consists of passionate, muddy male vocal singing over arpeggiated acoustic guitar melody. It sounds noisy, muddy and messy, as the frequencies are clashing, but it is also emotional and raw.",1,0,1,0,0,1,0,0,0,0,0,0,0,0,0,0,0,0,0,0,0,0,0,0,0,0,0,0,0,0
2uvHgwAljPA,"The song is an instrumental. The song is medium tempo with a groovy drum rhythm, vinyl disc scratching tones and a percussive bass line. The song is energetic and groovy. The audio quality is very poor with a lot of hissing noise.",0,0,0,0,0,0,1,0,0,0,0,0,0,0,0,0,0,0,1,0,0,1,0,1,0,0,0,0,0,0
5JkPsWsq3E8,"The Indian traditional music is purely instrumental, there is no voice. All instruments used are from Indian culture. A sitar one-note harmonic pedal can be heard throughout the music excerpt. The atmosphere is somewhat calming, meditating.",0,1,0,0,0,0,0,0,0,0,0,0,0,0,0,0,0,0,0,0,0,0,0,0,0,0,0,0,0,0
0u1sk49gAU0,"The low quality recording features a flat male vocal talking and playing a groovy accordion melody, before which a male and a female laugh. It sounds passionate and groovy.",1,0,0,1,0,1,0,0,0,0,0,0,0,1,0,0,0,0,1,0,0,0,0,0,0,0,0,0,0,0
-_OzT7Xyvok,Amateur recording of two nylon string guitars playing in flamenco style. The playing is technically challenging yet sloppy.,0,0,0,0,0,0,0,1,0,0,0,0,0,0,0,0,0,0,0,0,0,0,0,0,0,0,0,0,0,0
374R7te0ra0,"The Hip Hop song features a flat male vocal rapping over repetitive, echoing piano melody, claps and punchy kick hits. At the very beginning of the loop, there are stuttering hi hats, sustained synth bass and filtered, pitched up female chant playing. It sounds groovy and addictive - thanks to the way rappers are rapping.",0,0,0,0,0,0,0,0,0,0,0,0,0,0,0,0,0,0,1,0,0,0,0,0,0,0,0,0,0,1
3kXukXBvDQQ,"This song is a lively Indian instrumental. The tempo is fast with lively brass bands playing harmony, energetic drums ,Nagpada and dhol and other Indian percussion and synthesiser with digital arrangements. There is a dialogue of a man and woman superimposed over the music, with sighing and giggling in the background. The music is typical Indian Baarat music. It is happy, cheerful, vivacious, energetic, youthful, vigorous and upbeat.",0,1,0,0,1,0,0,0,0,0,0,0,0,0,0,0,0,0,0,0,0,0,0,0,0,0,0,0,0,0
5ZX1-GAb7IM,"The low quality recording features a live performance of a traditional song that consists of a strings melody played over wooden percussion. The recording is in mono, a bit noisy and it sounds passionate, emotional and soulful.",1,0,1,1,0,1,0,0,0,1,0,0,0,1,0,0,0,0,0,0,0,0,0,0,0,0,0,0,0,0
31O2j4aAgYU,This song features an electric guitar. The guitar plays a blues progression by first descending three chords and then ending the song on a higher register. The guitar tone has a lot of added reverb. There are no other instruments in this audio. This is an instrumental song with no voices.,0,0,0,0,0,0,0,0,0,0,0,0,0,0,0,0,0,0,0,0,0,0,0,0,0,0,0,0,0,0
4tH9knHaTd0,"The low quality recording features sustained french horn tones played, while there is a low female vocal and flat male vocal talking, followed by some laughs, shoe squeaking and woodwind melody played in the background. The recording is a bit noisy and it sounds like the musicians are rehearsing.",1,0,0,0,0,1,0,0,0,0,0,0,0,0,0,0,0,0,0,0,0,0,0,0,0,0,0,0,0,0
9TkW1M_ZRr0,This is a breakbeat piece. There is a groovy electronic drum beat providing the rhythmic structure. A medium pitched pad is playing a repeated theme. There is a synth bass in the background. Occasional string stab hits can be heard. This piece could fit well in the soundtracks of crime movies taking place in the city and car racing video games.,0,1,0,0,0,0,0,0,0,0,0,0,0,0,0,0,0,0,0,0,0,0,0,0,0,0,0,0,0,0
9EUXyEQZqLo,Two acoustic guitars are strumming flamenco chords being panned to the left and right side of the speakers. A soft bass is playing subnotes. Percussive instruments are building up tension at the end.,0,0,0,0,0,0,1,0,0,0,0,0,0,0,0,0,0,0,0,0,0,0,0,0,0,0,0,0,0,0
0PMFAO4TIU4,A digital drum is playing a simple beat along with some percussive sounds. A bass is playing the same melody as the accordion-like instrument. A male voice is shouting little phrases. This song may be playing a country having a traditional dance.,0,0,0,0,0,0,1,0,0,0,0,0,0,0,0,0,0,1,0,0,0,0,0,0,0,0,0,0,0,0
2pTnwe3DzCs,This is the recording of a keyboard lesson. There is a male instructor that plays the notes on the keyboard first and then describes the placement of the fingers and the notes that are being played. The audio quality of the lesson is not that great.,0,0,0,0,0,0,0,1,0,0,0,0,0,0,0,0,0,0,0,0,0,0,1,0,0,0,0,0,0,0
1AOe82obwcY,"This is a sound that is calm and soothing and would be suitable for any kind of relaxation, meditation or spa. We hear a flute melody with long notes being played over a low frequency buzzing tone.",0,0,0,0,0,0,0,0,0,0,0,0,0,0,0,0,0,0,0,0,0,0,0,0,0,0,0,0,0,0
0OhtODbKajw,This audio contains people playing a melody in the higher register using violins and a viola. Some are playing the melody upwards while others are playing downwards. A cello or upright bass is providing a melody line in the lower register. This song may be playing during a classical concert.,0,0,0,0,0,0,0,0,0,0,0,0,0,0,0,0,0,0,0,0,1,0,0,0,0,0,0,0,0,0
0K-zyeLuKho,The low quality recording features a guitar tutorial that consists of a flat male vocal talking and counting the rhythm over an arpeggiated acoustic guitar melody. The recording is mono and noisy.,1,0,0,0,0,1,0,0,0,0,0,0,0,1,0,0,0,0,0,0,0,0,0,0,0,0,0,0,0,0
7eZTmLV9gcY,This is an instrumental piece from a soap opera soundtrack. The violin and the acoustic guitar are playing a mellow tune while there is an occasional piano tune in the background. The rhythm is kept by a very quiet acoustic drum beat. The atmosphere is gentle and romantic. This piece could be used in the soundtrack of romance movies where the characters are having a good time in the presence of each other.,0,1,1,0,0,0,0,0,0,0,1,0,1,0,0,0,1,0,0,0,0,0,0,0,0,0,0,0,0,0
AGNqX_OL-dU,"A male singer sings this cool melody with female and male backup singers in vocal harmony. The song is medium tempo with a groovy bass line, percussive drum rhythm, keyboard harmony and guitar rhythm. The song is exciting and groovy. The song is a R&B cover of a famous pop song. The song has poor audio quality.",0,0,0,0,0,0,1,0,0,1,0,0,0,0,0,0,0,0,0,0,0,1,0,0,0,0,0,0,0,0
52odOK7G2kg,This song features a distortion guitar. This is an instructional video. The song features an open note followed by the octave. Then a descending pattern is played on the distortion guitar. The voice gives instructions on how to play the pattern. There is no percussion in this song. There are no other instruments in this song. There is no vocal melody in this song.,0,0,0,0,0,0,0,0,0,0,0,0,0,0,0,0,0,0,0,0,0,0,1,0,0,0,0,0,0,0
6sWVG6GyJBU,This song contains a piano playing a melody in the mid range and also in the higher register. A flute is adding another melody in the mid range. A digital drum is holding a simple groove before dropping out completely. A male voice is softly rapping/talking in the mid range then another male with an effect takes over singing in a higher pitch. In the background you can hear strings underlaying chords. This song may be playing with headphones daydreaming.,0,0,0,0,0,0,1,0,0,0,0,0,0,0,0,0,1,0,0,1,0,0,0,0,0,0,0,0,0,0
9QYo50tFm6w,"This is a video game theme that is in the style of a kids song. The main melody is being played by a vibraphone while a glockenspiel can be heard adding texture. There is a medium-to-high pitch synth string sound that joins them later on. In the background, there are sleigh bells and a wind effect to imply a winter aura. The atmosphere is playful. The piece could be included in the soundtrack of a kids cartoon or a video game.",0,1,0,0,0,0,0,0,0,0,0,0,0,0,0,0,0,0,0,0,0,0,0,0,0,0,0,0,0,0
8Bu8CkR1xZY,This is a tutorial on the electric guitar. The guitar is high-pitched and rapid arpeggio notes are played on it. The audio is of a poor quality. The individual makes a comment at the end of the video.,0,0,0,0,0,0,0,0,0,0,0,0,0,0,0,1,0,0,0,0,0,0,0,0,0,0,0,0,0,0
-m5ZlWziIeA,This amateur recording features a vinyl scratch being played on a DJ console. This is accompanied by programmed percussion playing a simple beat at a fast tempo. The hi-hat is struck in eighth notes. The snare and kick are played in a unique pattern. A synth plays a two-note lick at different intervals. Other instruments are not audible as the audio quality is low.,0,0,0,0,0,0,0,1,0,0,0,0,0,0,0,0,0,0,0,0,0,0,1,0,0,0,0,0,0,0
3QqVP0odOw4,"The low quality recording features a commercial music that consists of a funny processed male vocal, after which there is a harmonizing female vocal singing over punchy kick, brass melody, wooden percussion and echoing brass melody. It sounds addictive - like every commercial music should sound.",1,0,0,0,0,0,0,0,0,0,0,0,0,0,0,0,0,0,0,1,0,0,0,0,0,0,0,0,0,1
1cqcTbDxsHM,"The low quality recording features a pulsating theremin synth lead and haunting synth lead playing in the background. It sounds low, analog, spooky and spacey, almost like outer space communication.",1,0,0,0,0,0,0,0,0,0,0,0,0,0,0,0,0,0,0,0,0,0,0,0,0,0,0,0,0,0
7PtHb9jQCtg,This is an amateur recording of a rock music concert. There is an electric guitar playing the main tune while another electric guitar is starting to play a solo. A bass guitar can be heard in the background playing the root notes of the tune. There is a loud acoustic drum beat in the rhythmic background. The recording is a bit outdated so the quality is pretty low.,0,0,0,0,0,0,0,1,0,1,1,0,0,0,1,1,0,0,0,0,0,0,0,0,0,0,0,0,0,0
3tyb0cXoX2g,"A male singer sings this high energy EDM. The tempo fast with the song starts with a slow female vocalisation, soft piano accompaniment and takes off to an upbeat groove. The song is groovy, youthful, buoyant, vivacious;punchy and vibrant with atmospheric synthesiser, hard hitting drumming, funky bass line, spirited electric guitar harmony along with enthusiastic vocals. The vocals are auto tuned and the use of heavy electronic instrumentation make it an ultimate EDM.",0,0,0,0,0,0,0,0,0,0,0,0,0,0,0,0,0,0,0,0,0,0,0,0,0,0,0,0,1,0
4HhJneiP-hY,"There is an orchestra composed of the winds section and the timpani playing a dramatic tune with a rising melody. Afterwards, a thunder sound effect can be heard. Sounds from this piece can be sampled for use in advertisement jingles or in beat-making.",0,0,0,0,0,0,0,0,0,0,0,0,0,0,0,0,0,0,0,0,0,0,0,0,0,0,0,0,0,0
9z4YXc9rjTo,"The song has a tranquil and mellow vibe to it. It's a Christian worship song, with a singer that has a raspy tone to his voice and a calm approach to performing. The main instrumental factors are the acoustic guitar layers which are strummed, as well as piano chords and simple folk style drumming.",0,0,0,0,0,0,0,0,0,0,0,0,0,0,0,0,0,0,0,0,0,0,0,0,0,0,0,0,0,0
9UCLvFqkFxk,This is a jazz music piece. There is a saxophone playing a jazzy solo for the melody. There is an upright bass playing in the background. The rhythmic background consists of a slow tempo acoustic drum beat that is played with brushes. The atmosphere is mellow. This piece could be playing in the background of a classy restaurant or a coffee shop.,0,1,0,0,0,0,0,0,1,0,1,0,0,0,0,0,0,0,0,0,0,0,0,0,0,0,0,0,0,0
1Rd1w7Ty1ak,"The low quality recording features a pop song that contains a soft male vocal singing over soft crash cymbals, claps, punchy kick, shimmering shakers, groovy bass, piano melody and electric guitar melody. It sounds easygoing.",1,0,0,0,0,0,0,0,0,0,0,0,0,0,0,0,0,0,0,1,0,0,0,0,0,0,0,1,0,1
3Xoz87_SUdw,"The low quality recording features a flat male vocal speaking over suspenseful orchestra music. It sounds intense and dramatic and as soon as the male vocal stops speaking, the volume of the music goes up - which makes it dynamic overall.",1,0,0,0,0,0,0,0,0,0,0,0,0,0,0,0,0,0,0,0,0,0,0,0,0,0,0,0,0,0
9hCnEfZFZ04,The low quality recording features a reverberant acoustic guitar melody. It sounds passionate and emotional. The recording is noisy.,1,0,1,1,0,1,0,0,0,0,0,0,0,0,0,0,0,0,0,0,0,0,0,0,0,0,0,0,0,0
0RgGrVklaao,"This clip is an instrumental of two separate tracks. The tempo is medium with the first clip of ambient nature sounds during a rainfall like, thunder, lightning and water flowing followed by  a rhythmic clanging of metal. The second clip is sinister music on the synthesiser followed by the buzzing of an electric circuit. The audio is dark, sinister, anticipatory, scary, suspenseful and spooky.",0,1,0,0,0,0,1,0,0,0,0,0,0,0,0,0,0,0,0,0,0,0,0,0,0,0,0,0,0,0
3Wdxjm-h36w,This song contains a synth melody that sounds a little in the background slowly coming more into focus. This sound is full of reverb. Other synth sounds are playing pads and experimental pluck sounds. A glass sound is being played as a hi hat and a noise snare sound takes a lot of space with sounds panned to the left and right side of the speakers. This song may be playing in a club.,0,0,0,0,0,0,0,0,0,0,0,0,0,0,0,0,0,0,0,0,1,0,0,0,0,0,0,0,0,0
5F8zpfwFKl0,This is an Uzbek folk music piece. There is a female vocalist singing melodically. The main tune is being played by the garmon while the rhythmic background consists of the doors and the clapping of the dancers. There is a vibrant atmosphere in this piece. It could be used as an accompaniment piece for an Uzbek folk dance course.,0,0,0,0,0,0,0,0,0,0,0,0,0,0,0,0,0,0,0,0,0,0,0,0,0,0,0,0,0,0
3HtfWSbmuAc,Someone is playing a neo-soul chord progression on a fender rhodes piano with vibration tremolo effect. This song may be playing at a live concert opening the stage.,0,0,0,0,0,0,0,1,0,0,0,0,0,0,0,0,0,0,0,0,0,0,0,0,0,0,0,0,0,0
44sbWBFswUY,"Spirited Christmas music with a fast four on the floor dance beat. There is a high pitched 'chipmunk' style vocal singing a well-known tune accompanied by syncopated synth chord stabs, a drum machine and a drum fill.",0,0,0,0,0,0,0,0,0,0,0,0,0,0,0,0,0,0,0,0,0,0,0,0,0,0,0,0,0,0
8fibq2VXibw,This is a festive music piece used as a theme for a cartoon. It is a slow tempo piece. There is a female vocalist singing melodically. The keyboard is playing the melody while the bass guitar is following in the background. The rhythm consists of a calm acoustic drum beat. The atmosphere is serene. This piece could be playing in the background at a slow dance event.,0,0,0,0,0,0,0,0,1,0,1,0,0,0,1,0,0,0,0,0,0,0,0,0,0,0,0,0,0,0
2ATMQxWVpXk,"A male singer screams and laughs loudly. The song is medium tempo with steady rock drumming, groovy bass line and electric guitar rhythm. The song is energetic and haunting. The song is a modern punk rock song.",0,0,0,1,0,0,1,0,0,0,0,0,0,0,0,0,0,0,0,0,0,0,0,0,0,0,0,0,1,0
7jWRIjFaoeU,"The low quality recording features a rock song that consists of wide electric guitar chords, punchy kick and snare, electric guitar slide, distorted bass guitar, aggressive drums cymbals and flat male vocals singing over it. It sounds energetic, but also harsh and messy thanks to those cymbals.",1,0,0,0,1,0,0,0,0,0,0,0,0,0,0,0,0,0,0,0,0,0,0,0,0,1,1,0,0,1
4kKVGPDCIK8,This song contains a male voice chanting a melody in the midrange while a synth is playing a drone full of overtones. Other synth pads are overlaying in a higher register while again other synth pluck sounds are playing a melody in a high key. This song may be playing in a meditation session.,0,0,0,0,0,0,0,0,1,0,0,0,0,0,0,0,0,0,0,0,0,0,0,0,0,0,0,0,0,0
0H3FAoDgzhI,A female voice is singing in a higher pitch sounding melancholic. A digital drum is playing an unusual rhythm along with a soft sub bass and loud repeating digital industrial noises. This song may be playing in a post-apocalyptic video game-sequence.,0,0,0,0,0,0,0,0,0,0,0,0,0,0,0,0,0,0,0,0,0,0,0,0,0,0,0,0,0,0
3b3s0TvjGwA,A drone sound is playing in the lower to mid range as an intro before the song starts with a high pitched bell sound with a very long release time and acoustic drums that sounds like playing behind a closed door. This song may be playing in a club.,0,0,0,0,0,0,0,0,0,0,1,0,0,0,0,0,0,0,0,0,1,0,0,0,0,0,1,0,0,0
09lQmg2wvsY,Someone is playing a bunch of different digital sounds that are arpeggiated and rising in pitch with dissonant harmonies. This is an amateur recording.,0,0,0,0,0,0,0,1,0,0,0,0,0,0,0,0,0,0,0,0,0,0,0,0,0,0,0,0,0,0
6J3X0whM_-4,"The low quality recording features a steel pans melody, shimmering hi hats, syncopated snare and ""4 on the floor"" kick pattern. It is a bit reverberant as it was played in a concert hall. There are some crowd cheering and applause sounds. It sounds exotic, fun and happy.",1,0,0,0,0,0,0,0,0,0,0,0,0,0,0,0,0,0,0,0,0,0,0,0,1,0,0,1,0,0
4ezo771lGts,"Sounds of explosions and jet airplanes over a synthesized orchestral string pad playing a four chord progression and electronic drums playing a subdued, mellow backbeat rhythm.",0,0,0,0,0,0,0,0,0,0,0,0,0,0,0,0,0,0,0,0,0,0,0,0,0,0,0,0,0,0
7l4-QmvXxEs,This is a space disco music piece. It is a funky version of the Star Wars movie theme. There is a lively combination of the strings and the brass sections playing the main melody while a groovy bass guitar is playing alongside them. The rhythmic background is composed of a disco type acoustic drum beat. Robotic sounds akin to the ones that can be heard in the movie are added in the music. The atmosphere is unique and danceable. This piece could be used in retro-themed parties. It could also be playing in the background at a Star Wars themed event.,0,1,0,0,0,0,0,0,0,0,1,0,0,0,1,0,0,0,0,0,0,0,0,0,0,0,0,0,0,0
3jLef5eHgzU,This audio contains someone playing a distorted e-guitar solo in a higher register along with acoustic drums with cymbal hits and a half open hit. An e-bass is underlining the rhythm. There are digital comedic noises and laughter that seem not to be part of the musical composition. This song may be playing in a comedic tv-show.,0,0,0,0,0,0,1,1,0,0,1,0,0,0,0,0,0,1,0,0,0,0,0,0,0,0,0,0,0,0
4Gow6qZcNZI,"The low quality recording features a tutorial where a flat male vocalist is talking, after which a groovy bass guitar is playing. The recording is noisy and in mono.",1,0,0,0,0,1,0,0,0,0,0,0,0,1,0,0,0,0,0,0,0,0,0,0,0,0,0,0,0,0
0a91szM1Ivw,"The low quality recording features a live performance of traditional folk song and it consists of distorted, passionate female vocal singing over subtle sitar melody. The recording is noisy and it sounds emotional and passionate.",1,0,1,0,0,1,0,0,0,1,0,0,0,0,0,0,0,0,0,0,0,0,0,0,0,0,0,0,0,0
AH6Xnyj6Ykc,This ska song features a trumpet playing the main melody. The trumpet plays one staccato note followed by a six note pattern and then plays the same sequence starting on a different root note. This is accompanied by percussion playing a simple beat. A keyboard plays chords in the background. The bass plays a groovy bassline. There are no voices in this song. This is an instrumental song. The mood of this song is happy. This song can be played in a comedy movie.,0,1,0,0,0,0,0,0,0,0,0,0,0,0,0,0,0,0,0,0,0,0,0,0,0,0,0,1,0,0
ARXTRdKCupM,"The low quality recording features a punk song that consists of a groovy bass guitar, punchy kick, shimmering hi hats, energetic cymbals and aggressive electric guitar riffs. At the very beginning of the loop, there is a drum stick countdown, after which the bass drops. It sounds energetic, groovy and aggressive.",1,0,0,0,1,0,0,0,0,0,0,0,0,0,0,0,0,0,1,0,0,0,0,0,1,1,0,0,0,1
6vRBp8jo40Q,"The instrumental music features a string section playing an ascending long-note melody while at the same time providing harmonic support. A harp is playing arpeggios. Although it feels as if time passes slowly, the tempo is medium. Listening to this music I get a sense of profoundness that's moving me. This music could work well as the soundtrack for a movie.",0,1,0,0,0,0,1,0,0,0,0,0,0,0,0,0,0,0,0,0,0,0,0,0,0,0,0,0,0,0
-1OlgJWehn8,"This clip is three tracks playing consecutively. The first one is an electric guitar lead harmony with a groovy bass line, followed by white noise and then a female vocalisation to a vivacious melody with a keyboard harmony, slick drumming, funky bass lines and male backup. The three songs are unrelated and unsynced.",0,1,0,0,0,0,0,0,0,0,0,0,0,0,1,0,0,0,0,0,0,0,0,0,0,0,0,0,0,0
6PquRVe1Wa4,"The low quality recording features a traditional song sung by flat male vocals over wooden, boomy percussion. The recording is in mono, a bit noisy and it sounds muddy, as the bass frequencies are overwhelming.",1,0,0,0,0,1,0,0,0,0,0,0,0,0,0,0,0,0,0,0,0,0,0,0,0,0,0,0,0,0
1JpeDWbgUO8,"A male vocalist sings this energetic pop song. The tempo is fast with an animated keyboard harmony, vigorous drumming, punchy bass lines, vibrant tambourine beats and an enthusiastic vocal backup riff. The song is a remix of an old song. It is vibrant, peppy, punchy, vibrant, vociferous. This song is Pop Rock.",0,0,0,0,1,0,0,0,0,0,0,1,0,0,0,0,0,0,0,1,0,0,0,0,0,0,0,0,0,0
90NsBZvepy0,"The low quality recording features a fast camera shuttering sound effects, while the alternative rock instrumental is playing in the background. The Instrumental features a slap snare, tinny kick hits, shimmering hi hats, electric guitar melody and low bass guitar. It sounds almost like a video game background music.",1,0,0,0,0,0,0,0,0,0,0,0,0,0,0,0,0,0,0,0,0,0,0,0,1,0,0,0,0,0
3zT0aiN2E70,"This music is an upbeat instrumental. The tempo is fast with vigorous digital drumming, synthesiser arrangements and DJ mixer effects. The music is electrifying, pulsating, buoyant, punchy, groovy, youthful and high-spirited. This music is an outdoor live performance with ambient sounds. There are sounds  of hysterical fans cheering, clapping and singing along. This music is Futuritic Electronic Pop/ Techno Pop.",0,1,0,0,0,0,0,1,0,1,0,1,0,0,0,0,0,0,0,0,0,0,0,0,0,0,0,0,0,0
AgCSBCsHkMk,"The low quality recording features water and some metallic sound effects, followed by a dynamic orchestra that consists of a mellow string section, simple plucked harp and mystical woodwinds playing in the background. In the first part of the loop, the sound is completely muffled. It sounds like something you would hear in old movies.",1,0,0,0,0,0,0,0,0,0,0,0,0,0,0,0,0,0,0,0,0,0,0,0,0,0,0,0,0,0
0m9-5BkL4Mc,"The music features a timid boy voice singing a melody. Right in the opening of the music excerpt, before the boy starts to sing, an accordion can be heard playing a short melody. A band that consists of drums, bass guitar and electric guitar is accompanying the boy. Listening to the electric guitar, I get country music vibes.",0,0,0,0,0,0,0,0,0,0,0,0,0,0,1,1,0,0,0,0,0,0,0,0,0,0,0,0,0,0
4sD0Bvt3FKk,A blues rock song is being played. Containing drums that are playing a simple groove along with a blues bassline that is supported by an e-guitar playing the same melody. So does a piano just in a higher pitch adding harmony. The female voices are singing together. Then an e-guitar starts playing a little solo-melody. There are some airy background noises that seem not to belong to the recording. This song may be playing at a local car workshop.,0,0,0,0,0,0,1,0,0,0,1,0,0,0,0,0,1,1,0,0,0,0,0,0,0,0,0,0,0,0
36ToDxW_hns,"The low quality recording features a cover of a rock and it consists of passionately played solo acoustic guitar melody over staccato strings melody playing in the background on playback. Even though the recording is noisy, it sounds emotional and passionate.",1,0,1,1,0,1,0,0,0,0,0,0,0,0,0,0,0,0,0,0,0,0,0,0,0,0,1,0,0,0
Ae8o_FMI0Xs,"This is a DJ freestyle performance with old-school and latin house influences. There is a female vocalist singing melodically with an 80s pop feel. A fuzzy synth bass is playing a groovy bass line. In the rhythmic background, there is an electronic drum beat with a 909-like sound. The atmosphere is eccentric and the sound is modern. This performance could be played at nightclubs or dance clubs.",0,0,0,0,0,0,0,0,0,0,0,0,0,0,0,0,0,0,0,0,0,0,0,0,0,0,0,0,0,0
7LlKoQAvXUc,"A female singer sings this beautiful melody with vocal harmony. The song is medium tempo with a piano accompaniment, steady drumming rhythm, strong bass drum kicks and a steady bass line. The song is melancholic and emotional. The song is a modern Christmas carol.",0,0,1,0,0,0,1,0,0,0,0,0,0,0,0,0,0,0,0,0,0,0,0,0,0,0,0,0,0,0
9mqA4YdX444,"This is an Alpine folk music piece. The piece is instrumental. It is being performed by an orchestra composed of the clarinets, the accordion, the cello and the acoustic guitar. The atmosphere is cheerful. This piece could be used in the soundtrack of a movie that takes place in the Alps region.",0,1,0,0,0,0,0,0,0,0,0,0,1,0,0,0,0,0,0,0,0,0,0,0,0,0,0,0,0,0
7B1OAtD_VIA,"This audio contains a big soft kick drum hit along with a soft bassline changing into an even deeper octave. On top of that, violins and an acoustic guitar-like instrument are playing a melody. This recording has some reverb on it. This song may be playing in an adventure movie scene.",0,0,0,0,0,0,1,0,0,0,0,0,0,0,0,0,0,0,0,0,0,0,0,0,0,0,0,0,0,0
-SWaCArvQug,Ambient sound still in the room with a mild background music playing.  A male singer sings a passionate melody with subtle background music. The audio quality is very poor with drawer sliding sound and general noise.,0,1,0,0,0,0,1,0,0,0,0,0,0,0,0,0,0,0,0,0,0,0,0,0,0,0,0,0,0,0
AkbCw7oVkw0,"The Indie song features a reverberant male vocal passionately singing over electric guitar chords. It sounds emotional, sad and passionate - like something you would listen to while feeling down.",0,0,1,1,0,0,0,0,0,0,0,0,0,0,0,0,0,0,0,0,0,0,0,0,0,0,0,0,0,0
0NZY0GHQBP0,"This amateur recording features a classic song. This is an instrumental song featuring a violin solo. This is accompanied by percussion playing a simple beat. A keyboard plays chords in the background with fills in between bars. The bass plays the root note and the lower fifth of the chord. There are no voices in this song. Due to the low quality of sound, the other instruments are unclear. This song can be played in a classic movie.",0,0,0,0,0,0,0,1,0,1,0,0,0,0,0,0,0,0,0,0,0,0,0,0,0,0,0,0,0,0
0pewITE1550,The song is an instrumental. The song is medium tempo with various marching band drums playing in sync. The song is highly energetic and spirited. The song is bad in audio quality. The song is a college marching band playing enthusiastically.,0,0,0,1,1,0,1,0,0,0,0,0,0,0,0,0,0,0,0,0,0,1,0,1,0,0,0,0,0,0
9Tl2l3bsLpE,People are playing the same groove on a lot of percussive instruments. In the background you can hear shakers. Someone is strumming chords with an effect on an e-guitar and someone is playing fill-ins on acoustic drums. This song may be playing at a local live concert from a music school.,0,0,0,0,0,0,0,1,0,0,1,0,0,0,0,0,0,0,0,0,0,0,0,0,0,0,0,0,0,0
24cmo2fEQo8,"The low quality recording features an echoing tom, snappy rimshots and echoing, repetitive arpeggiated harp melody playing, after which there is a punchy kick hit. It sounds groovy.",1,0,0,0,0,0,0,0,0,0,0,0,0,0,0,0,0,0,1,0,0,0,0,0,0,0,0,0,0,0
9x7jWb4lE7c,This is an instrument showcase jam. There is an electric guitar with a mellow sound strumming simple chords. The atmosphere is easygoing. Parts of this piece can be used as an advertisement jingle. It could also be sampled for use in beat-making.,0,1,0,0,0,0,0,0,0,0,0,0,0,0,0,1,0,0,0,0,0,0,0,0,0,0,0,0,0,0
8PcfPX11Hjg,"This song features a choir with male and female voices. Some of the male voices sing the bass part of the vocals. This is accompanied by a harmonica playing a high pitched melody. An acoustic guitar plays arpeggiated chords. After the instruments come to a rest, the voices continue to sing in harmony without the instruments. This song has a romantic mood. This song can be played in a.",0,0,0,0,0,0,0,0,1,0,0,0,0,0,0,0,0,0,0,0,0,0,0,0,0,0,0,0,0,0
2MZUbxulAI4,This is the behind-the-scenes video of a movie soundtrack. There are male voices talking to each other and singing under footage. There is a faint backing track in the video. A bansuri flute is playing a melody while the tabla percussion is playing the rhythm.,0,0,0,0,0,0,0,0,0,0,0,0,0,0,0,0,0,0,0,0,0,0,0,0,0,0,0,0,0,0
4CrPPlHN9_s,"The low quality recording features a cover of a pop song and it consists of passionate male vocals, alongside harmonizing background vocals, singing over wide, arpeggiated electric guitar melody and simple bass guitar. The recording is a bit noisy, but it is barely audible, especially when you take into account that it sounds very emotional.",1,0,1,0,0,1,0,0,0,0,0,0,0,0,0,0,0,0,0,1,0,0,0,0,0,0,0,0,0,0
1j3pXUr8R4M,This instrumental song features a harp melody being played. There are no other instruments in this song. There are no voices in this song.. The mood of this song is dreamy. This song can be played in a dream sequence in an animated film.,0,1,0,0,0,0,0,0,0,0,0,0,0,0,0,0,0,0,0,0,0,0,0,0,0,0,0,0,0,0
-pUfYFcsgG4,This recording contains environmental sounds such as birds singing. Then bells start playing a melody with a long release time. This is an amateur recording. This song may be playing outside in a park at a fixed time.,0,0,0,0,0,0,0,1,0,0,0,0,0,0,0,0,0,0,0,0,0,0,0,0,0,0,0,0,0,0
0XxinBtKouQ,"A group of male vocalists sing this happy, upbeat country /bluegrass song. The tempo is fast with vigorous and animated acoustic guitar, banjo, mandolin and auto harp lead and harmony. The song is a live performance with ambient sounds of clapping, cheering and people talking. This song is a cheerful Country Pop/Bluegrass song.",0,0,0,0,0,0,0,1,0,1,0,1,1,0,0,0,0,0,0,0,0,0,0,0,0,0,0,0,1,0
APSbmhJam74,This is a Christian gospel music piece. There is a male vocalist singing melodically in the lead. The tune is being played by the acoustic guitar and the piano while the bass guitar is following with the root notes. The rhythm is played with brushes on the acoustic drums. The atmosphere is mellow. This piece could be playing in the background at Christian religious events.,0,0,0,0,0,0,0,0,0,0,1,0,1,0,1,0,1,0,0,0,0,0,0,0,0,0,0,0,0,0
5hEt87nd7os,"This music is instrumental. The tempo is fast with a vigorous banjo harmony, infectious drumming, auto harp, mandolin and tambourine accompaniment. The music is an upbeat, high-spirited, energetic,enthusiastic ,effervescent Country Music instrumental.",0,1,0,0,0,0,0,0,0,0,0,1,0,0,0,0,0,0,0,0,0,0,0,0,0,0,0,0,0,0
7IllUjk5fk0,Low pitched female singer demonstrating vocal virtuosity in free time accompanied by bird sounds.,0,0,0,0,0,0,0,0,0,0,0,0,0,0,0,0,0,0,0,0,0,0,0,0,0,0,0,0,0,0
58f4AsxOYhU,"This song features the sound of the watch machine gears moving. It is the sound of the watch click. It is accompanied by the sound of a synth which swells till the end. A bass sound is played once after the first watch click and then once in between the fourth and fifth click. Thereafter, the bass sound is repeated after every two clicks. This song has no voices. This sound can be played in a movie where a bank robber is about to steal from a large bank.",0,1,0,0,0,0,0,0,1,0,0,0,0,0,0,0,0,0,0,0,0,0,0,0,0,0,0,0,0,0
AJj6GGLaIfI,"The low quality recording features a hypnotic mellow synth lead melody, low percussive elements, sustained synth strings and some hollow snare hits. It sounds noisy, resonating, but also nostalgic and sentimental, as it gives off an old console game soundtracks.",1,0,0,0,0,1,0,0,0,0,0,0,0,0,0,0,0,0,0,0,0,0,0,0,0,0,0,0,0,0
AcX6rAwFTiY,This song contains a female voice singing a melody along with a flute and strings playing the same melody. You can hear white noise that almost sounds like rain. This song may be playing in a movie scene.,0,0,0,0,0,0,0,1,0,0,0,0,0,0,0,0,0,0,0,0,0,0,0,0,0,0,0,0,0,0
2G4lyzAZ1vk,"A female voice is singing soulfully, sounding a little airy and sensual. Someone is playing neo-soul chords on an e-guitar. This song may be playing at home singing along to a karaoke song. This is an amateur recording.",0,0,0,0,0,0,0,1,0,0,0,0,0,0,0,0,0,0,0,0,0,0,0,0,0,0,0,0,0,0
8WPG0dD20lg,This instrumental song features a guitar played clean in the beginning and then switching to an overdrive sound. There are no other instruments in this song. There are no voices in this song. The mood of this song is bluesy.,0,1,0,0,0,0,0,0,0,0,0,0,0,0,0,0,0,0,0,0,0,0,0,0,0,0,0,0,0,0
6PWiDlWmPs0,"A male vocalist sings this romantic song. The tempo is medium fast with keyboard harmony, infectious drumming, steady bass lines and electronic guitar. The song is simple, mellow, tender, sentimental, emotional and mellow. This is a Romantic Soft Rock.",0,0,0,0,0,0,0,0,0,0,0,0,0,0,0,1,0,0,0,1,0,0,0,0,0,0,0,0,0,0
6KXd7l5pThg,This audio contains someone playing a didgeridoo using circular breathing for a continuous sound. This is an amateur recording. In the background you can hear birds chirping. This song may be playing live during a traditional performance.,0,0,0,0,0,0,0,1,0,0,0,0,0,0,0,0,0,0,0,0,0,0,0,0,0,0,0,0,0,0
1jptuEjuTig,"The low quality recording features a live performance that consists of reverberant wooden percussion over an electro song, followed by crowd talking and public announcement vocals in the background. The song consists of groovy bass, haunting synth lead, soft ""4 on the floor"" kick pattern and shimmering shakers. It sounds like it was recorded somewhere outdoors, judging by the public announcement vocal and crowd noises.",1,0,0,0,0,1,0,0,0,1,0,0,0,0,0,0,0,0,0,0,0,0,0,0,0,0,0,1,0,0
2-K-7T8ZIWA,"This music is an instrumental of the Christmas Carol “You Better Watch Out’. The tempo is medium with the lead harmony on the theremin and piano accompaniment. The music is haunting, ethereal, lilting, mesmerising and captivating. This music is a Theremin Instrument.",0,1,0,0,0,0,0,0,0,0,0,0,0,0,0,0,0,0,0,0,0,0,0,0,0,0,0,0,0,0
-0Gj8-vB1q4,"The low quality recording features a ballad song that contains sustained strings, mellow piano melody and soft female vocal singing over it. It sounds sad and soulful, like something you would hear at Sunday services.",1,0,0,0,0,0,0,0,0,0,0,0,0,0,0,0,0,0,0,0,0,0,0,0,0,0,0,0,0,0
4Y5VcH7iK3Q,Instrumental surf rock with a lead electric guitar playing the melody and a rhythm electric guitar strumming chords. Ride cymbals are loud in the mix and spring reverb is used as an effect. The electric bass is playing a walking pattern.,0,1,0,0,0,0,0,0,0,0,0,0,0,0,0,0,0,0,0,0,0,0,0,0,0,0,0,0,0,0
30tNWUyJCog,This reggae song features a male voice singing the main melody. The vocal melody is repetitive. This is accompanied by programmed percussion playing a reggae beat. Hand claps are played at regular intervals. The bass plays a groovy bassline. A saxophone plays fills in between lines. This song has a reggae feel. This song can be played in a Caribbean style party.,0,0,0,0,0,0,0,0,1,0,0,0,0,0,0,0,0,0,0,0,0,0,1,0,0,0,0,0,0,0
1yGWdegJjA4,"Instrumental electro music with a half time feel in the kick and busy drums. The bass is constantly busy, with resonant filter sweeps for dramatic effect. There are multiple overlapping high synth melodies with big sounding reverb throughout. Perfect for a large outdoor or stadium EDM festival.",0,1,0,0,0,0,0,0,0,0,0,0,0,0,0,0,0,0,0,0,0,0,0,0,0,0,0,0,0,0
4ls_8xIjBzM,"This music is instrumental. The tempo is medium with an electric guitar riff and the voice of a man giving instructions on electric guitar techniques. The music is loud, clear, amplified, vivid, emphatic and powerful. This is a tutorial/ lesson on electric guitar techniques.",0,1,0,0,0,0,1,0,0,0,0,0,0,0,0,1,0,0,0,1,0,0,0,0,0,0,1,0,0,0
B00nfVc4FPI,"A female vocalist sings this upbeat country song. The tempo is fast with enthusiastic fiddle, banjo, resonator, mandolin and dobro accompaniment, tambourine beats, keyboard harmony, bright drumming and groovy bass lines. There is sound of clapping, cheering, people talking, party horns and hooting superimposed on the song, indicating that this is a live performance. The song is a spirited, lively,happy, punchy and buoyant Country Song.",0,0,0,0,1,0,0,0,0,1,0,1,0,0,0,0,0,0,0,0,0,0,0,0,0,0,0,0,0,0
AKI0VrXEDww,"The Soft Rock song features harmonizing male vocals singing over sustained organ keys chords, shimmering cymbals, groovy piano chords in the left channel, acoustic rhythm guitar in the right channel of the stereo image and groovy bass guitar. It sounds passionate and hopeful, like something you would sing along at concerts.",0,0,0,1,0,0,0,0,0,0,0,0,0,0,0,0,0,0,0,0,0,0,0,0,0,0,0,1,0,0
3C-5_z01Olc,This is an indie rock music piece. There is a male vocalist singing melodically in the lead. There is an electric guitar playing a simple tune with a strong reverb effect. The bass guitar is playing the root notes. The rhythmic background consists of a basic acoustic drum beat. The atmosphere is easygoing. This piece could be used in the soundtrack of a teenage drama TV series as the opening theme.,0,0,0,0,0,0,0,0,0,0,0,0,0,0,1,1,0,0,0,0,0,0,0,0,0,0,0,0,0,0
8oUI02eK3SM,This song contains a male voice singing in the midrange while backing voices are supported with vocals in the higher register. Someone is playing a complex jazzlike groove on the drums. An e-guitar is playing a loud arpeggio melody panned to the right side of the speakers along with an e-bass. This song may be playing live at a jazz festival.,0,0,0,0,0,0,0,0,0,0,0,0,0,0,0,0,0,1,0,0,1,0,0,0,0,0,0,0,0,0
9NJEKpPeWpE,"The low quality recording features a DJ scratching his vinyl record of an electro song that consists of flat male vocals talking over ""4 on the floor"" kick, synth keys melody, groovy bass, shimmering hi hats, energetic crash cymbals and punchy snare hits. It sounds muddy and messy, since the frequencies are clashing and since it is probably recorded with a phone.",1,0,0,0,1,0,0,0,0,0,0,0,0,0,0,0,0,0,0,0,0,0,0,0,1,1,0,1,0,0
AVogdV8khxc,This is a Christian gospel music piece. There is a male vocalist singing melodically and in an emotion-filled manner. The keyboard is playing the melody with a harp sound while the rhythmic background consists of a simple acoustic sounding drum beat that is only played on the hi-hats. The atmosphere is spiritual. This piece could be playing in the background at a Christian religious event.,0,0,1,0,0,0,0,0,0,1,0,0,0,0,0,0,0,0,0,0,0,0,0,0,0,0,0,0,0,0
1rhsnmWLeGw,"A female vocalist sings this pleasant melody. The tempo is slow with a melodic piano accompaniment. There is minimal instrumentation with emphasis on vocals. The song is soft, mellow, soothing, calming, mellifluous, pleasant, and dreamy. This song is a love song, children’s song or a lullaby.",0,0,0,1,0,0,0,0,1,0,0,0,0,0,0,0,0,0,0,0,0,0,0,0,0,0,0,0,0,0
At5v5ZZQHmw,"The low quality recording features a live performance of R&B/Soul song and it consists of passionate female vocal singing alongside widely spread harmonizing female background vocals. It sounds passionate, emotional and heartfelt.",1,0,1,1,0,0,0,0,0,1,0,0,0,0,0,0,0,0,0,0,0,0,0,0,0,0,0,0,0,0
AVuh8-CucrE,"The low quality recording features funky electric guitar chords, electric guitar solo melody and groovy bass playing in the background. The recording is very noisy, distorted and harsh, but it is still easygoing and chill - like something you would listen to when you are trying to relax.",1,0,0,0,0,1,0,0,0,0,0,0,0,1,0,0,0,0,0,0,0,0,0,0,0,0,0,1,0,0
31iD2VPLMxQ,"The song is an instrumental. The tempo is slow with a poignant violin solo, keyboard accompaniment, percussion drums, strong bass line and a guitar accompaniment. The song is emotional and has a sense of grief and awe. The song is a documentary soundtrack.",0,0,1,0,0,0,0,0,1,0,0,0,0,0,0,0,0,0,0,0,0,0,0,1,0,0,0,0,0,0
244y56-vLWE,"A male singer sings this exciting Latin dance melody. The tempo is medium fast with a saxophone solo, percussive bass line, guitar accompaniment, latin percussion, steady drumming rhythm,  and cymbal crashes. The song is exciting with the crowds going crazy. The audio quality is poor.",0,0,0,1,1,0,0,0,0,0,0,0,0,0,0,0,0,0,0,0,0,1,0,0,0,0,0,0,0,0
476vNb6thyM,"The low quality recording features a jazzy electric guitar melody. The recording is noisy and it is in mono - regardless, it sounds calming and relaxing.",1,0,0,0,0,1,0,0,0,0,0,0,0,1,0,0,0,0,0,0,0,0,0,0,0,0,0,0,0,0
7Mv4eKPe850,"The low quality recording features a live performance of a rock song that consists of an energetic female vocal singing over electric guitar chords, punchy snare and kick hits and distorted bass guitar. The recording is very noisy and buzzy, in mono, muffled and messy, as it was probably recorded with a phone. It still sounds energetic.",1,0,0,0,1,1,0,0,0,1,0,0,0,1,0,0,0,0,0,0,0,0,0,0,0,1,1,0,0,1
0AhX-ReXovI,"Someone is playing a simple groove on tablas. In the background you can hear a backing track playing a flute melody along with synth pads, shaker/chime sounds and a tambourine. This song may be playing practicing tablas at home.",0,0,0,0,0,0,1,1,0,0,0,0,0,0,0,0,0,0,0,1,0,0,0,0,0,0,0,0,0,0
7NF2kcEfMBI,"An instructional guitar lesson featuring a male instructor speaking over nylon string guitar playing a picked single note melody featuring slurring, or hammer-ons and pull-offs.",0,0,0,0,0,0,0,0,0,0,0,0,0,0,0,0,0,0,0,0,0,0,1,0,0,0,0,0,0,0
5UXnulANF8g,"A soft male singer with a vocal double effect accompanied by plucked string sounds, a synth pad and an oboe. The genre is soft rock with no drums.",0,0,0,0,0,0,0,0,0,0,0,0,0,0,0,0,0,0,0,0,0,0,0,0,0,0,0,0,0,0
9JeN1ld-3fY,"This is a funky disco song. A song like this would be suitable for an eighties themed dance party. It has a groovy bassline, upbeat rhythmic percussion, and vibrant brass motifs. The singer sounds charming and energetic. The background singers are soulful and sharp on the beat with their vocals - they sing their notes almost in staccato, so that they can stay close to the beat and keep the song feeling groovy.",0,0,0,0,0,0,0,0,0,0,0,0,0,0,0,0,0,0,0,0,0,0,0,0,0,0,0,0,0,0
AuZNuyR2OJs,This music is an Electronic instrumental. The tempo is medium with synthesiser articulation and drum machine arrangement. The music is muffled as the audio is of poor quality and the recording is done outdoors. There are ambient nature sounds in the background like the wind and some rustling.,0,1,0,0,0,0,0,0,0,0,0,0,0,0,0,0,0,0,0,0,0,1,0,0,0,0,0,0,0,0
9-R70gSqvrc,A full sounding male voice is singing mid range with kind of a radio effect on his voice. Two banjos are strumming chords with one playing the lead melody on top. One is panned to the right side of the speakers. An acoustic drum is playing a four on the floor groove with a kick on every beat and an e-bass is playing his own melody along. In the background you can hear the sound of a photo taken. This song may be playing in an advertisement for a product.,0,0,0,0,0,0,0,0,0,0,1,0,0,0,0,0,0,1,0,0,1,0,0,0,0,0,0,0,0,0
2bCuw7U_Rac,This low quality recording features a male voice singing the main melody in a foreign language. This is accompanied by percussion playing a simple beat with a Latin feel. The bass is played on a double bass. The double bass plays a groovy bassline. Flute fills are played in the background. An accordion plays melodies in harmony with the voice. This song has romantic overtones. This song can be played at the end credits of a mafia romance movie.,0,0,0,0,0,0,0,0,0,0,0,0,0,0,0,0,0,0,0,0,0,0,1,0,0,0,0,0,0,0
0nk7utNkHOY,"This music is a western classical instrumental. The tempo is slow with a cello solo. The music is soft, rich, deep, mellow, euphonious, pensive, melancholic, emotional and sentimental.",0,1,0,0,0,0,0,0,1,0,0,0,0,0,0,0,0,0,0,0,0,0,0,0,0,0,0,0,0,0
4TXy2i036LU,This song contains drums with a deep and strong but jet soft kick sound with a snare that sounds muted. An upright bass or e-bass is playing a line along. A e-guitar is strumming a chord progression along with a piano. A male voice is singing in the midrange sounding sensitive and honest. Panned to both sides of the speakers two trumpets are playing a melody in the lower to mid-range. This song may be playing in a beautiful romantic art video.,0,0,0,0,0,0,0,0,0,0,0,0,0,0,0,0,1,0,0,1,0,0,0,0,0,0,0,0,0,0
4HfU5OQUqq0,"A male artist talks and makes drilling noises. The song is a modern hip hop song with male rap vocals, hip hop drumming rhythm, heavy bass drops and keyboard harmony. The track has ambient room noises and the music track is very faint. The audio quality is very average.",0,0,0,0,0,0,1,0,0,0,0,0,0,0,0,0,0,0,0,0,0,1,0,0,0,0,0,0,0,0
A6HJBIU1rD0,This is a jazz song with some latin infusions into the style. The brass section plays bright and ascending melodies. The percussionists play bongos and snares with brushes. The song is fun and suitable for some loose dancing.,0,0,0,0,0,0,0,0,0,0,0,0,0,0,0,0,0,0,1,0,0,0,0,0,0,0,0,0,0,0
5i0zq91Ocz0,This is a psychedelic rock music piece. There is a male vocalist singing melodically in the lead. The main melody is being played by the keyboard with the backing of the electric guitar and the bass guitar. The rhythmic background consists of a rock acoustic drum beat. The atmosphere is chill and trippy. This piece could be used in the soundtrack of a drama movie or a TV series that has scenes of hallucinogenic trip sequences. It could also be playing in the background at a hippie coffee shop.,0,0,0,0,0,0,0,0,0,0,1,0,0,0,1,1,0,0,0,0,0,0,0,0,0,0,0,0,0,0
886Qu4V0km4,Someone is playing a melody on a semi acoustic guitar along to a bass ukulele with a very big sound. In the background you can hear something like a harmonica playing a drone chord. This song may be playing at a local concert.,0,0,0,0,0,0,0,1,0,0,0,0,0,0,0,0,0,0,0,0,0,0,0,0,0,0,0,0,0,0
1PSzSTilu_s,"The low quality recording features a southern rock song that consists of flat male vocal singing over wide acoustic rhythm guitars, short electric guitar lick, smooth bass guitar, punchy snare, simple kick pattern and shimmering hi-hats. It sounds happy and fun.",1,0,0,0,0,0,0,0,0,0,0,0,0,0,0,0,0,0,0,0,0,0,0,0,1,1,0,0,0,0
7xD_Ib3VS_w,"The low quality recording features widely spread electric guitar melodies. One of the melodies is solo and it is panned to the right channel, while the other one is an arpeggiated electric guitar melody, and it is panned to the left channel of the stereo image. The recording is a bit noisy and weird, since it is a bit too wide, but it also sounds passionate.",1,0,0,1,0,1,0,0,0,0,0,0,0,0,0,0,0,0,0,0,0,0,0,0,0,0,0,0,0,0
9A4VNkMdwhk,"The low quality recording features a live performance of an instrumental folk song that contains sitar guitar melody and boomy bass. There are some background clapping sounds, probably from a crowd, by which we can conclude that it is in fact a live performance. It sounds like it was recorded with a phone.",1,1,0,0,0,1,0,0,0,1,0,0,0,0,0,0,0,0,0,0,0,0,0,0,0,0,0,0,0,0
2sIfE3KOi5s,"This music is instrumental. The tempo is fast with trumpet harmony, keyboard accompaniment, infectious drumming, syncopated, funky bass lines, lively piano and electric and acoustic guitar riffs. The music is upbeat, groovy, complex harmony, ambient, soulful and funky. This song is Funk Soul;",0,1,0,0,0,0,0,0,0,0,0,1,1,0,0,1,0,0,0,0,0,0,0,0,0,0,1,0,0,0
5nJr7iar6ZM,This is a classic music piece belonging to the baroque era. There is a soprano male vocal singing at an extraordinarily high pitch. The melody is being played by the violin and the cello. There is an emotional atmosphere to this piece. It could be playing in the background at a classy restaurant. It could also work well in the soundtrack of an art movie.,0,0,1,0,0,0,0,0,0,0,0,0,0,0,0,0,0,0,0,0,0,0,0,0,0,0,0,0,0,0
4BIIFU_b6BY,An acoustic drum is playing a rock groove with a big emphasis on the ride and silent hits on the crash. Along with the drums a electric bass is playing a bluesy line and so does the guitar. Another e-guitar is strumming chords. The whole song sounds fast and may be playing at a local festival where people are dancing.,0,0,0,0,0,0,0,0,0,0,1,1,0,0,0,0,0,1,0,0,0,0,0,0,0,0,0,0,0,0
5DDg2CzAmgE,"This is a fast tempo song. The audio quality is inferior so the vocals are muddled making it difficult to comprehend if the vocalist is a male or female. The music is incoherent too but it is possible to identify synth arrangements, intense drumming, boomy bass lines,and keyboard harmony with spirited vocals. The song is upbeat and has a dance groove. It is a pop rock/ synth rock.",0,0,0,0,1,0,0,0,0,0,0,1,0,0,0,0,0,0,0,0,0,0,0,0,0,0,1,0,1,0
3PoC1-xd4Yw,This song features a synth playing the rhythm section using a piano tone. The shofar plays a tremulous note. There is no percussion in this song. The mood of this song is melancholic. There are no other instruments in this song. There is no voice in this song. This song can be used in a romantic movie.,0,1,0,0,0,0,0,0,1,0,0,0,0,0,0,0,0,0,0,0,0,0,0,0,0,0,0,0,0,0
7RUkkhkqyUw,This is an Afropop music piece. There is a male vocalist singing melodically. The melody is being played by the piano and the keyboard while the rhythmic background consists of an electronic drum beat. There is a sentimental atmosphere to the piece. This piece can be used in the soundtrack of a drama TV series taking place in Africa.,0,0,0,0,0,0,0,0,0,0,0,0,0,0,0,0,1,0,0,0,0,0,0,0,0,0,0,0,0,0
2T1P9ovsl4A,"The low quality recording features an emotional electric guitar melody, shimmering hi hats, soft kick hits and punchy snare in the left channel and arpeggiated electric guitar melody and simple bass guitar in the right channel of the stereo image. Due to this unconventional panning, the stereo image sounds a bit unbalanced. It is still emotional and passionate.",1,0,1,1,0,0,0,0,0,0,0,0,0,0,0,0,0,0,0,0,0,0,0,0,1,0,0,0,0,0
3OUNEL8XaR0,"This music is a soothing instrumental. The tempo is slow with a beautiful violin symphony, romantic piano accompaniment, harp melody, a wind instrument and shakers. The music is mellifluous, gentle,pensive, nostalgic, poignant, melancholic,
romantic, enthralling, enigmatic, dreamy, calming and ethereal.",0,1,0,0,0,0,0,0,1,0,0,0,0,0,0,0,0,0,0,0,0,0,0,0,0,0,0,0,0,0
577NM64YL18,"This is a live recording with low audio  quality. It seems like the kind of music that would feature in a sombre, mysterious, and perhaps haunting movie. The instruments are layers of sustained, high-pitched synths.",0,0,0,0,0,0,0,0,0,0,0,0,0,0,0,0,0,0,0,0,0,1,0,0,0,0,0,0,0,0
8pc8fjPIV-Q,"A male singer sings this cool melody with backup female singers in vocal harmony. The song is medium tempo with a groovy rhythm, steady drumming rhythm, disc scratching tones, and piano accompaniment. The song is groovy and has a dance rhythm. The song has poor audio quality.",0,0,0,0,0,0,0,0,0,1,0,0,0,0,0,0,0,0,0,0,0,1,0,0,0,0,0,0,0,0
62L5kn1qFeY,"The low quality recording features a cover of a rock song and it consists of an arpeggiated acoustic guitar melody over which there is a soft female vocal singing. The recording is noisy, in mono and it sounds emotional, soft and passionate.",1,0,1,1,0,1,0,0,0,0,0,0,0,1,0,0,0,0,0,0,0,0,0,0,0,0,1,0,0,0
7Ht_Vu1D8nc,"This music is a Bagpiper Instrumental. The tempo is slow with a droning , chanting melody. The melody of the music has middle eastern influences. The droning sound is incessant and hypnotic. It is charming ,sharp, and captivating.",0,1,0,0,0,0,0,0,1,1,0,0,0,0,0,0,0,0,0,0,0,0,0,0,0,0,0,0,0,0
4vGLTrW04UE,"This song elicits feelings of mystery, exploration and curiosity. It's a classical piece including violins, violas, cellos and a recorder or alto-flute. The end section builds tension and suspense - as if in a movie scene when a character is peaking curiously around new terrain.",0,0,0,0,0,0,0,0,0,0,0,0,0,0,0,0,0,0,0,0,0,0,0,0,0,0,0,0,0,0
0bP2MH3LqvI,This song features a piano melody being played. It is played on an ascending scale. The sound of a plane propeller is played on top of this music. At the end; a male voice is heard in a narrating tone. There are no other instruments in this song and no vocal melody is sung in this clip. This music can be played in a classic silent movie.,0,0,0,0,0,0,0,0,0,0,0,0,0,0,0,0,0,0,0,0,0,0,0,0,0,0,0,0,0,0
8pl1D6oG38k,"The low quality recording features an electro song that consists of a punchy kick, buzzy synth bass, claps and shimmering hi-hats. It sounds exciting and a bit too digital - like something you would hear in old video games.",1,0,0,0,0,0,0,0,0,0,0,0,0,0,0,0,0,0,0,0,0,0,0,0,1,0,0,0,0,1
8OsmFmhNjoA,"The low quality recording features a latin urban song that consists of a passionate male vocal, alongside wide harmonizing vocals, singing over punchy kick and snare hits, shimmering cymbals, funky electric guitar melody, synth pad chords, groovy bass and synth keys melody. It sounds energetic and addictive.",1,0,0,0,1,0,0,0,0,0,0,0,0,0,0,0,0,0,0,0,0,0,0,0,0,1,0,1,0,1
-EVRXQpt1-8,"Someone is playing a guitar-like instrument in a tremolo fashion along with someone playing a melody on a harp along with a bass playing the root note. A male voice is singing, sounding sad and sensitive. A backing voice that seems to be female is singing along, providing harmonies. This song may be playing in a dance performance.",0,0,0,0,0,0,0,0,1,0,0,0,0,0,0,0,0,0,0,0,0,0,0,0,0,0,0,0,0,0
2KGnpMYHBGI,"The excerpt features for most part atmospheric sounds like whispers, a string being strummed, and electronic sounds. Some of the sounds kind of imitate the sounds dolphins make. The atmosphere is somewhat quiet.",0,0,0,0,0,0,0,0,0,0,0,0,0,0,0,0,0,0,0,0,0,0,0,0,0,0,0,0,0,0
8o2UyEYbNmY,"The low quality recording features an ambient song that consists of mellow dark synth pad chords playing. It sounds calming, relaxing and hypnotic.",1,0,0,0,0,0,0,0,0,0,0,0,0,0,0,0,0,0,0,0,0,0,0,0,0,0,0,0,0,0
2z1elo4ucis,This is an amateur recording of a latin dance music piece. The audio quality is not that great. There is a male vocalist singing loudly. A bass guitar is playing a groovy bass line while an electric guitar is strumming chords in a syncopated manner. The rhythmic background is provided by a barely heard latin acoustic drum beat. The atmosphere is cheerful. This piece could be sampled for use in the making of a latin influenced hip-hop beat.,0,0,0,0,0,0,0,1,0,0,0,0,0,0,1,1,0,0,0,0,0,0,0,0,0,0,0,0,0,0
4AejyFDHP_k,An acoustic guitar almost fully panned to the left side of the speakers is strumming a single chord as a rhythmic element while an upright-bass is playing a walking bassline. The other acoustic guitar is adding a little melody at the end of the phrase of the singers. The female duo is singing a melody together. One a little deeper and the other a little higher creating a harmony. This song may be playing in the countryside of a Latin country.,0,0,0,0,0,0,0,0,0,0,0,0,0,0,0,0,0,0,0,0,0,0,0,0,0,0,0,0,0,0
5h5NdW6cYY0,This slow pop song features a male voice singing the main melody. The voice is emotional. This is accompanied by a piano playing chords in the background. A synth plays a repetitive two note phrase in this song. There is no percussion in this song. The mood of this song is romantic. There are no other instruments in this song. This song can be played in a dreamy sequence in a romantic movie.,0,0,0,0,0,0,0,0,1,0,0,0,0,0,0,0,0,0,0,0,0,0,1,0,0,0,0,0,0,0
2WxUIkF2zEw,In the forefront you can hear water running while a jazz piece is playing in the background. This is an amateur recording.,0,0,0,0,0,0,0,1,0,0,0,0,0,0,0,0,0,0,0,0,0,0,0,0,0,0,0,0,0,0
5w3s2T0VBug,"The Ambient song features soft shimmering bells, mellow sustained strings, sustained low woodwinds and subtle wooden percussive elements, while there are birds chirping sounds in the background. It sounds relaxing and calming - like something that would put you in a zen mode.",0,0,0,0,0,0,0,0,0,0,0,0,0,0,0,0,0,0,0,0,0,0,0,0,0,0,0,0,0,0
-f6s6kQEHFY,This slow ballad features a female voice singing the main melody. This is accompanied by a repetitive piano melody. The bass plays the root notes of the chords in staccato style in eighth note patterns. Synth horns play in the background at different pitches. The song has an ambient and ethereal feel. The mood of the song is haunting. This song can be played in a sad scene in a movie.,0,0,0,0,0,0,0,0,1,0,0,0,0,0,0,0,0,0,0,0,0,0,0,0,0,0,0,0,0,0
8kH-dzSBthI,"This music is a Western classical piece. The tempo is slow with a lilting harpsichord melody, flute harmony and violin accompaniment. The music is classical, serene, splendid, uplifting, lush, melancholic, pensive, dreamy symphonic music.",0,1,0,0,0,0,0,0,1,0,0,0,0,0,0,0,0,0,0,0,0,0,0,0,0,0,0,0,0,0
2JNY2SaMk7s,"This reggae song features a male voice making an announcement in the beginning. A female voice sings a one-line melody. This is accompanied by the main male voice singing vocables in the background. Until this part, only a keyboard and guitar are playing a reggae rhythm. This is followed by the main male voice singing the main melody in a reggae style. This is accompanied by a kick driven percussion playing a simple beat. There are voices singing vocables in the background. The mood of this song is happy. This song can be played in a movie with a holiday theme.",0,0,0,0,0,0,0,0,0,0,0,0,0,0,0,0,0,0,0,0,0,0,0,0,0,0,0,0,0,0
9ZAmdxKLnhs,This is a neo-soul music piece. There is a male vocal singing melodically with another male back vocal singing in a more erotic fashion. The tune is played with a keyboard and a synth. There is a mellow bass line in the background. An acoustic-sounding electronic drum kit provides the rhythmic background. The piece has a seductive atmosphere to it. It could be played at a nightclub during earlier hours. It could also work well as the jingle of a fashion/fragrance advertisement.,0,0,0,0,0,0,0,0,0,0,0,0,0,0,0,0,0,0,0,0,0,0,0,0,0,0,0,0,0,0
0kQjfwXjFuY,This is an instructive recording of a male vocalist singing in an erotic manner. A backwards reverb effect is applied to the vocal which gives the track a feeling of anticipation. This track could be used to exemplify the use of the backwards reverb effect in sound design courses.,0,0,0,0,0,0,0,0,0,0,0,0,0,0,0,0,0,0,0,0,0,0,0,0,0,0,0,0,0,0
9nVpyqfyBSE,The low quality recording features an excited crowd cheering for a flat female vocalist speaking afterwards. The recording is a bit noisy and in mono.,1,0,0,0,0,1,0,0,0,0,0,0,0,1,0,0,0,0,0,0,0,0,0,0,0,0,0,0,0,0
-ByoSbgzr4M,"This clip is an electronic guitar instrumental. The tempo is fast with a vigorous, lively electric guitar lead without any instrumentation. The music is rapid,controlled, intense and vigorous with immense control and dexterity with the instrument.",0,1,0,0,0,0,0,0,0,0,0,1,0,0,0,1,0,0,0,0,0,0,0,0,0,0,1,0,0,0
AD3aI9avJ8Q,"The low quality recording features a distorted, processed male vocal with delay effect on. The recording is very noisy and in mono.",1,0,0,0,0,1,0,0,0,0,0,0,0,1,0,0,0,0,0,0,0,0,0,0,0,0,0,0,0,0
19-GI2LzOtc,"The low quality recording features a wide choir singing over widely spread strings and brass melody, followed by a sizzling triangle. It sounds epic, powerful and passionate. The recording is a bit noisy.",1,0,0,1,0,1,0,0,0,0,0,0,0,0,0,0,0,0,0,0,0,0,0,0,0,0,0,0,0,0
20QZS9L5WeA,"The low quality recording features a mellow arpeggiated piano melody playing in the background, while the breathy flute melody is playing over it. It sounds passionate, emotional and soulful.",0,0,1,1,0,0,0,0,0,0,0,0,0,0,0,0,0,0,0,0,0,0,0,0,0,0,0,0,0,0
2VFVe0RCn7g,Someone is playing a distorted e-guitar. Finger-tapping a classical music piece. This is an amateur recording and not of the best sound-quality. This song may be playing at home showing off your skills to a friend.,0,0,0,0,0,0,0,1,0,0,0,0,0,0,0,0,0,0,0,0,0,0,0,0,0,0,0,0,0,0
3dzR3ZWOe8Y,This song contains acoustic drums playing a complex rhythm along with a e-bass playing a walking bassline and a piano playing jazz chords in the mid range. A baritone saxophone is playing the main melody accompanied by other brass instruments. This song may be playing during a live concert.,0,0,0,0,0,0,0,0,0,0,1,0,0,0,0,0,0,1,0,0,0,0,0,0,0,0,0,0,0,0
0q-80dzp6PU,"The low quality recording features an electro pop song that consists of an echoing passionate male vocal singing over groovy synth keys chord progression, punchy snare hits, followed by snare roll, wide laser synths and reversed crash riser. It sounds exciting and energetic - like a build up section of the song.",1,0,0,0,1,0,0,0,0,0,0,0,0,0,0,0,0,0,0,0,0,0,0,0,0,1,0,0,0,0
15Mw2jyyHk0,"This song is an instrumental. The tempo is fast and vigorous, with the musician playing a very rapid harmony on the Spanish guitar with an acoustic guitar accompaniment; the song is energetic, vibrant, enthusiastic, and shows a lot of dexterity with the instrument. This song is an instrumental Pop rock song.",0,1,0,0,1,0,0,0,0,0,0,0,0,0,0,0,0,0,0,0,0,0,0,0,0,0,0,0,0,0
3mStyfCbL68,The drum is playing a four on the floor groove with little fill-ins on the snare crash. A synthesizer is playing a 2000s pad sounding lead melody. The distorted e-guitar that is playing underlining the melody with some long sounding chords. This song may be played at an event to animate and pump up the people.,0,0,0,0,0,0,0,0,0,0,1,0,0,0,0,0,0,0,0,0,0,0,0,0,0,0,0,0,0,0
A4jSRfZ6yd0,"A male vocalist sings this lively melody in a foreign language. The tempo is fast with a loud and banjo harmony, tambourine beats and tapping beats. The song is a spirited, cheerful,celebratory, happy, enthusiastic and festive Regional/Folk Song.",0,0,0,0,1,0,1,0,0,0,0,0,0,0,0,0,0,0,0,0,0,0,0,0,0,0,0,0,0,0
2o1p83UjJFA,"This is the live performance of an orchestral rock piece. There is a male vocalist singing melodically in the lead. The piano is gently playing the main tune of the song. The tempo of the piece is slow. There is a profound, melancholic atmosphere. This piece could be used in the soundtrack of a drama movie/TV series. It could also be playing in the background at a rock/metal bar.",0,0,0,0,0,0,0,0,1,1,0,0,0,0,0,0,1,0,0,0,0,0,0,0,0,0,0,0,0,0
02Qntw26enM,This audio contains a theremin playing a melody in the higher register along to an acoustic piano recording in the background. This song may be practicing theremin playing along with a backing track.,0,0,0,0,0,0,0,1,0,0,0,0,0,0,0,0,0,0,0,0,0,0,0,0,0,0,0,0,0,0
Ade0UZnb6dw,This is a modern sounding Afrobeat music piece. There is a male vocal singing the same line repeatedly vocal with a male back vocal ad-libbing in the background. The electric guitar is playing a mellow tune. A low-to-medium range bass line that can be heard. The rhythm consists of an acoustic drum beat with supporting percussive elements. Brass stabs can be heard every now and then. The atmosphere is groovy. This piece could be played at African nightclubs or dance clubs.,0,0,0,0,1,0,0,0,0,0,1,0,0,0,1,1,0,0,1,0,0,0,0,0,0,0,0,0,0,0
1W2FOzSXsxs,This low quality audio clip features a female voice singing the main melody. This is accompanied by a piano. There are no other instruments in this song. This song has a story-telling mood and is at a slow tempo. This song can be played in a romantic movie.,0,0,0,0,0,0,0,1,1,0,0,0,0,0,0,0,0,0,0,0,0,0,0,0,0,0,0,0,0,0
8pYHLfKqHL4,"The Jazz song features a wide brass section playing over soft kick and rimshot hits, smooth bass guitar, mellow keys chords and soft electric guitar arpeggiated melody. It sounds relaxing, warm and calming - like something you would hear in waiting rooms.",0,0,0,0,0,0,0,0,0,0,0,0,0,0,0,0,0,0,0,0,0,0,0,0,0,0,0,0,0,0
AJw-x30L46E,This blues instrumental rock song features an acoustic guitar being aggressively strummed. There are no other instruments in this song. There are no voices in this song. The tempo of this song is fast. The rhythm of this song comprises fast upstrokes and downstrokes. Some of the strums are muted and the main rhythm is played with a mix of open and palm muted techniques.,0,1,0,0,0,0,0,0,0,0,0,1,1,0,0,0,0,0,0,0,0,0,0,0,0,0,0,0,0,0
33LJ36nAozM,A handicapped musician plays the guitar with his feet and sings and jokes about. The song is medium tempo and retro pop with just a guitar strumming and no other instrumentation. The song is inspiring and relaxing. The song audio quality is very poor.,0,0,1,0,0,0,1,0,0,0,0,0,0,0,0,0,0,0,0,0,0,1,0,0,0,0,0,0,0,0
2KkNk9Ao7G4,"The low quality recording features a punchy kick and snare hits, followed by shimmering hi hats, buzzy synth bass and 8 bit synth lead melody. It sounds groovy, weird and like something you would hear as background music in games.",1,0,0,0,0,0,0,0,0,0,0,0,0,0,0,0,0,0,1,0,0,0,0,0,1,1,0,0,0,1
0bRUkLsttto,This is a hip-hop piece. There is a male vocal rapping at the forefront while other male vocals can be heard singing ad-libs. A repeated theme is being played by a keyboard. A synth bass with low-to-mid characteristics can be heard playing in the background. The rhythmic background consists of a hard-hitting electronic drum beat. The atmosphere is groovy. This piece could be played at nightclubs. It would also suit well with a sports venue setting.,0,0,0,0,0,0,0,0,0,0,0,0,0,0,0,0,0,0,1,0,0,0,0,0,0,0,0,0,0,0
-CUp_Tmg2Y0,"The low quality recording features a drum solo that consists of a double pedal kick, punchy snare, shimmering cymbals and boomy toms. It sounds energetic and manic, thanks to that kick pattern. The recording is mono and noisy.",1,0,0,0,1,1,0,0,0,0,0,0,0,1,0,0,0,0,0,0,0,0,0,0,0,1,0,0,0,0
33dCbb1MyYU,"A female vocalist sings this spirited pop. The tempo is fast with a spirited, upbeat acoustic guitar accompaniment, synthesiser arrangements, slick drumming, digital drum rhythm, boomy bass drop , added reverb and auto tune for better effects.The song is young, fresh, upbeat, bouncy, punchy, and has a dance groove.this song is a synth pop.",0,0,0,0,0,0,0,0,0,0,0,1,0,0,0,0,0,0,0,0,0,0,0,0,0,0,0,0,1,0
0abzD7hBTRk,"This music clip is of a male vocalist doing a beat box. The tempo is medium fast with the vocalist imitating the digital drums, turntable and Dj mixer to a perfection. This vocal percussion is lively, rhythmic, youthful and engaging.",0,0,0,0,0,0,0,0,0,0,0,0,0,0,0,0,0,0,0,0,0,0,0,0,0,0,0,0,1,0
0SnjS2w_c80,This is an alternative music piece used as an outro jingle for a food channel. The vocals are being sung with a vocoder. There is a keyboard playing in the melodic background. A simple acoustic drum beat can be heard playing the rhythm. The atmosphere is trippy.,0,0,0,0,0,0,0,0,0,0,1,0,0,0,0,0,0,0,0,0,0,0,0,0,0,0,0,0,0,0
8NIxqHJrL68,This song contains a piano playing a melody along with a digital flute and a plucked string instrument. An e-bass is playing a simple line with long notes along with acoustic drums being in the background. This song may be playing in a landscape video.,0,0,0,0,0,0,0,0,1,0,1,0,0,0,0,0,1,1,0,0,0,0,0,0,0,0,0,0,0,0
7y9RfZXJZsk,"The low quality recording features a regional Mexican song that consists of a reverberant male vocal singing over widely spread groovy piano chord progression, brass section, shimmering shakers, groovy percussive elements and smooth bass. It sounds tropical, exotic and fun, like something you would hear at latin weddings.",1,0,0,0,0,0,0,0,0,0,0,0,0,0,0,0,0,0,0,0,0,0,0,0,0,0,0,0,0,0
5P5XAclO8ko,This is a pop rock piece. There is a female vocalist singing melodically at the forefront. The melody is being played by a wide-sounding strings section and an acoustic guitar. The bass guitar is playing the root notes in the background. The rhythmic structure is provided by a simple acoustic drum beat. The song is in minor key. The atmosphere is sentimental and filled with longing. This piece could be included in the soundtrack of a teenage drama movie or TV series.,0,0,0,0,0,0,0,0,0,0,1,0,1,0,1,0,0,0,0,0,0,0,0,0,0,0,0,0,0,0
9KK6rg03bC8,"This music is instrumental. The tempo is medium with synthesiser harmony and jazz style drumming. The music is a collaboration of jazz and electronica. It is an experimental,futuristic,funky, psychedelic and Ambient Funk Jazz.",0,1,0,0,0,0,1,0,0,0,0,0,0,0,0,0,0,0,0,0,0,0,0,0,0,0,0,0,0,0
4i11P4OCRfk,This recording contains a dulcimer playing a melody along with loud tablas playing a lot of deep hits that are overloading the recording speakers. At the end a string sound comes underlining with long pad notes. This song may be playing in a live event.,0,0,0,0,0,0,0,1,0,0,0,0,0,0,0,0,0,0,0,0,0,0,0,0,0,0,0,0,0,0
8zcogfmAD_o,"A woman talks before the beginning of the music track. The song is instrumental with a trumpet playing a swing melody accompanied by a brass band and jazz orchestra. The tempo is medium with a walking bass line, piano accompaniment, steady rhythm and clapping percussion. The song is a classic swing jazz tune.",0,0,0,0,0,0,0,0,0,0,0,0,0,0,0,0,0,0,0,0,0,0,0,1,0,0,0,0,0,0
0-7PyzhzuYQ,This is a bluegrass music piece. There is a mandolin playing the main tune as the lead while a banjo and an acoustic guitar are supporting it in the melodic background. There is a joyful feeling to this piece. It could be used in the soundtrack of a movie or a TV show with a rural setting. It could also be used in the background of pastoral social media content.,0,1,0,0,0,0,0,0,0,0,0,0,1,0,0,0,0,0,0,0,0,0,0,0,0,0,0,0,0,0
5xBfKiQcMZQ,"A male vocalist sings this  enthusiastic song. The tempo is fast with infectious drumming, groovy bass lines, funky electric guitar harmony and an energetic keyboard accompaniment with vocal backup. The song is energetic, high-spirited, youthful, infectious, pulsating and vigorous. This song is a popular Alternative Rock.",0,0,0,0,1,0,0,0,0,0,0,1,0,0,0,0,0,0,0,0,0,0,0,0,0,0,1,0,1,0
9BHvpWP2V9Y,"A female singer sings this catchy tune with backup singers in vocal harmony. The song is medium tempo with a groovy bass line, keyboard accompaniment, steady drumming with a clapping percussion. The song is catchy and has a dance rhythm. The song is a pop dance song.",0,0,0,0,1,0,1,0,0,0,0,0,0,0,0,0,0,0,0,0,0,0,0,0,0,0,0,0,0,0
669Fk7afszw,An acoustic guitar is strumming chords while a banjo is playing a fast melody over it. In the background you can hear an upright bass playing a fast walking bassline. Also in the background noises of people speaking can be heard. This song may be playing live on the streets performed by buskers.,0,0,0,0,0,0,0,1,0,0,0,0,1,0,0,0,0,0,0,0,0,0,0,0,0,0,0,0,0,0
6oqbYipROOs,"The low quality recording features a traditional song that consists of a breathy flute melody in the right channel and acoustic guitar chords in the right channel of the stereo image, followed by wooden percussion, simple bass and arpeggiated string melody. It sounds soulful and the recording is noisy.",1,0,0,0,0,1,0,0,0,0,0,0,0,0,0,0,0,0,0,0,0,0,0,0,0,0,0,0,0,0
2ZogsGp-T4o,"This song is a mandolin instrumental. The tempo is medium with a lively melody on the mandolin. The music is minimalist without  any other instruments. The music is high pitched, melodious and charming. This audio ends abruptly indicating that this could be a mandolin tutorial.",0,1,0,0,0,0,1,0,0,0,0,0,0,0,0,0,0,0,0,0,0,0,0,0,0,0,0,0,0,0
7ZW8xO37bA4,"The low quality recording features a reverberant, electric guitar solo melody. The recording is noisy and in mono.",1,0,0,0,0,0,0,0,0,0,0,0,0,0,0,0,0,0,0,0,0,0,0,0,0,0,0,0,0,0
2bcnAoZbptI,"This is a live performance of a pop music piece. There is a male vocalist singing melodically in the lead. There is a catchy tune that is being performed on a keyboard with a piano sound.The atmosphere is sentimental. This piece could be used in the soundtrack of a romantic comedy movie, especially during the scenes where the characters are starting to fall in love with each other.",0,0,0,0,0,0,0,0,0,1,0,0,0,0,0,0,0,0,0,0,0,0,0,0,0,0,0,0,0,0
23xC7lTBikU,This is the live recording of a didgeridoo concert. The didgeridoo is being played at a wide variety of frequency ranges. There is a raw feel to this piece. The sound has tribal characteristics. The sounds from this recording could be sampled for use in beat-making.,0,1,0,0,0,0,0,0,0,1,0,0,0,0,0,0,0,0,0,0,0,0,0,0,0,0,0,0,0,0
-Q9MTRXS4bE,"This music is a spirited instrumental. The tempo is fast with an animated Piano harmony, synthesiser  arrangements, synthesised violins, rhythmic digital drums, funky bass lines and electronic sounds. The music is superimposed over sounds of tapping and rhythmic beeping. The music is happy, perky, upbeat, enthusiastic, lively and spirited.",0,1,0,0,0,0,0,0,0,0,0,1,0,0,0,0,0,0,0,0,0,0,0,0,0,0,0,0,0,0
AFwmMFq_xlc,"A male singer sings this emotional song. The song is medium tempo with guitar accompaniment, strong bass line, steady drumming rhythm, violins playing emotional and tambourine percussion. The song is overlapped with sounds of a vehicle engine and Tarmac sounds.",0,0,0,0,0,0,0,0,0,0,0,0,0,0,0,0,0,0,0,0,0,0,0,0,0,0,0,0,0,0
AnErEDywInE,This song contains a brass section playing a melody and a string section taking over with a melody. A harp is playing a melody in the background along with plucked celli. An upright bass is playing single notes along. A male voice is singing loud and with an opera technique. This song may be playing while watching an opera.,0,0,0,0,0,0,0,0,0,0,0,0,0,0,0,0,0,0,0,0,0,0,1,0,0,0,0,0,0,0
0ONdm4sW47c,"This is a classical music piece that is being performed on the acoustic guitar. The acoustic guitar is being played in a gentle manner. The tune is in major key which gives the piece an optimistic aura. There is a tender atmosphere to the piece. This piece could be playing in the background at a classy restaurant. It could also be used in the soundtrack of a feelgood movie, especially during the scenes in which the characters are finding pleasure in simple things.",0,1,0,0,0,0,0,0,0,0,0,0,1,0,0,0,0,0,0,0,0,0,0,0,0,0,0,0,0,0
4a1a-lmDVaY,This funk song features a male voice singing the main melody. Other voices sing backing vocals in harmony. A saxophone plays a repetitive melody. This is accompanied by percussion playing a funk beat. The bass plays a funky bassline. A guitar plays muted chords using a tron effect. This song is upbeat and has a happy mood. This song can be played at a retro style disco.,0,0,0,0,0,0,0,0,0,0,0,0,0,0,0,0,0,0,0,0,0,0,1,0,0,0,0,0,0,0
4yJZ4VX8XQI,This song features synth pads playing in the background. Shimmering notes are played in this song. These notes are played three times. There are no voices in this song. There are no other instruments in this song. This instrumental song has a dreamy feel. This song can be played in a relaxation room or meditation center.,0,0,0,0,0,0,0,0,1,0,0,0,0,0,0,0,0,0,0,0,0,0,0,0,0,0,0,0,0,0
7AC9RqECN5k,This choir song features male and female voices. The voices sing different parts. The female voices sing the soprano and alto parts. The male voices sing the tenor and bass parts. The voices sing in harmony. This is an acapella song. There are no instruments in this song. The song is a gospel hymn. This song can be played in a historic animation movie before a battle scene.,0,0,0,0,0,0,0,0,0,0,0,0,0,0,0,0,0,0,0,0,0,0,0,0,0,0,0,0,0,0
-M-6VinyMiY,"The low quality recording features a rock song that consists of flat male vocal singing over sustained and arpeggiated electric guitar melodies, followed by snappy rimshots, soft kick, shimmering hi hats and groovy bass guitar. It sounds emotional and easygoing.",1,0,1,0,0,0,0,0,0,0,0,0,0,0,0,0,0,0,0,0,0,0,0,0,1,0,1,0,0,0
4W8BYc8ZMaE,The music features a female voice singing while being backed by another female voice. The instrumental consists of only one acoustic guitar that strums chords. At one point the crowd is screaming/cheering. The sound of the recording plus the cheering crowd makes me think that this was recorded at a live event.,0,0,0,0,0,0,0,0,0,0,0,0,1,0,0,0,0,0,0,0,0,0,0,0,0,0,0,0,0,0
0OY8XXZ98rw,"The Metal song features a distorted flat male vocal singing over wide aggressive electric guitar riffs, distorted bass guitar, punchy snare, double pedal kick and shimmering cymbals. It sounds energetic, aggressive and manic - like something you would go into a mosh pit for.",0,0,0,0,1,0,0,0,0,0,0,0,0,0,0,0,0,0,0,0,0,0,0,0,0,1,0,0,0,0
6BitLl5Bnxw,"This instrumental song starts off with a repetitive synth melody and percussion. The percussion pauses and the sound of water splash is heard. The bass note continues to ring. During this pause, a three-note high pitched game sound is played. After the pause, the synth melody continues to play and a piano melody is played on top of that. The bass plays the root notes of the chords. The percussion plays a simple beat in common time.",0,0,0,0,0,0,0,0,0,0,0,0,0,0,0,0,0,0,0,0,0,0,0,1,0,0,0,0,0,0
8hO1S9VIfPY,This is the recording of a preaching session at a Christian church. The preacher is shouting and screaming while the crowd is chanting in accordance. There is an electric guitar and acoustic drums in the backing track that can be barely heard from all the noise. The atmosphere is loud and chaotic. Parts of this piece could be sampled for use in beat-making.,0,0,0,0,0,0,0,0,0,0,1,0,0,0,0,1,0,0,0,0,0,0,1,0,0,0,0,0,0,0
AVJ-NxMmF6E,"A male vocalist sings this enthusiastic song,the tempo is fast with synthesiser articulation, rhythmic digital drum, cymbals and vocal backup. The music is upbeat, youthful, enthusiastic, compelling, intense and passionate with a catchy beat and riff. This song is an EDM/Synth pop.",0,0,0,1,1,0,0,0,0,0,0,1,0,0,0,0,0,0,0,0,0,0,0,0,0,0,0,0,1,0
8DHtPopFvII,"This is a vocal performance recording of a pop music piece. It is an amateur recording. The female vocalist is singing in a rising-and-falling manner in medium-to-high pitch. The backing track consists of a simple piano tune, a groovy bass line provided by a bass guitar and a 4/4 signature slow tempo drum beat with clicks on every fourth beat. The atmosphere is sentimental and heart-touching.",0,0,0,0,0,0,0,0,1,0,0,0,0,0,1,0,1,0,0,0,0,0,0,0,0,0,0,0,0,0
4i1aizhCnfg,"A male vocalist sings this mellow pop. The tempo is slow in contrast to the enthusiastic introductory bit in this section. The song is soft, mellow, emotional, repetitive, melancholic, nostalgic and passionate with a soft acoustic guitar accompaniment. This could be a song fade. This song is a Korean Pop/K-Pop song.",0,0,1,1,0,0,0,0,1,0,0,0,0,0,0,0,0,0,0,0,0,0,0,0,0,0,0,0,0,0
3IYd8cCmUkQ,"The low quality recording features a R&B song that consists of passionate male vocals, alongside background harmonizing male vocals, singing over tinny bells melody, synth strings melody, tinny high pitched synth lead melody, shimmering hi hats, gliding bass, punchy kick and claps. It sounds passionate and emotional, even though the mix of the song is poor.",1,0,1,1,0,0,0,0,0,0,0,0,0,0,0,0,0,0,0,0,0,0,0,0,1,0,0,0,0,1
6N1LWG4aztA,"The music features a female voice singing an ascending melody. The rhythm section consists of a bass guitar, a pair of congas and a ride cymbal. An electric piano accompanies the singer with chords. In the background an electric guitar plays an accompaniment that combines melody and chords. Right at the end of the music excerpt a China cymbal can be heard.",0,0,0,0,0,0,0,0,0,0,0,0,0,0,1,1,0,0,0,0,0,0,0,0,0,0,0,0,0,0
4_s5vHgfxnw,This audio contains someone playing bagpipes with something that sounds like a traditional piece. Someone is also playing a side drum snare along. This song may be playing on the street performed by buskers.,0,0,0,0,0,0,0,1,0,0,0,0,0,0,0,0,0,0,0,0,1,0,0,0,0,0,0,0,0,0
3TP1itJqv-E,"Harsh, grating sound of a solo bagpipe with audience sounds in the background.",0,0,0,0,0,0,0,0,0,0,0,0,0,0,0,0,0,0,0,0,0,0,0,0,0,0,0,0,0,0
0SNhAKyXtC8,"Someone is playing a harp making use of the full register. A bassline, a melody is the mid range and high repetitive note. The whole composition sounds oriental due to a lot of half notes. This song may be playing at a live concert.",0,0,0,0,0,0,1,0,0,0,0,0,0,0,0,0,0,0,0,0,0,0,0,0,0,0,0,0,0,0
1SqihV_DnEg,The track is a lullaby song that features a mellow male vocal with a mellow voice. A soft xylophone plays a melody on the foreground while a deep bass guitar adds a certain bounciness to the song's rhythm. The atmosphere is calmed and dreamy.,0,0,0,0,0,0,0,0,0,0,0,0,0,0,1,0,0,0,0,0,0,0,0,0,0,0,0,0,0,0
5dG1oPahyto,"The Jazz song features a passionate saxophone melody, followed by an arpeggiated string melody and wide synth pad chords. It sounds passionate, mellow, soft, relaxing and easygoing.",0,0,0,1,0,0,0,0,0,0,0,0,0,0,0,0,0,0,0,0,0,0,0,0,0,0,0,0,0,0
0EzWmAPwoTs,"The Rock song features an energetic male vocal singing over repetitive electric guitar melody, groovy bass, punchy kick and snare, shimmering hi hats and energetic crash cymbal. There is a short drum roll that represents a variation in a repetitive loop. It sounds energetic and passionate.",0,0,0,1,1,0,0,0,0,0,0,0,0,0,0,0,0,0,0,0,0,0,0,0,1,1,1,1,0,1
2KwSyaLT_mw,Someone is playing a clean e-guitar with a chorus and tremolo effect. This is an amateur recording.,0,0,0,0,0,0,0,1,0,0,0,0,0,0,0,0,0,0,0,0,0,0,0,0,0,0,0,0,0,0
-0xzrMun0Rs,This song contains digital drums playing a simple groove along with two guitars. One strumming chords along with the snare the other one playing a melody on top. An e-bass is playing the footnote while a piano is playing a major and minor chord progression. A trumpet is playing a loud melody alongside the guitar. All the instruments sound flat and are being played by a keyboard. There are little bongo hits in the background panned to the left side of the speakers. Apart from the music you can hear eating sounds and a stomach rumbling. This song may be playing for an advertisement.,0,0,0,0,0,0,1,0,0,0,0,0,1,0,0,0,1,1,0,0,0,0,0,0,0,0,0,0,0,0
-RYtUAsNhF0,"This is a poor quality instrumental piece played in the background of a sign language video. There is an optimistic sounding tune being played by the strings, the piano and the acoustic guitar. The atmosphere is mellow and gentle. Samples from this piece could be lifted to be used in beat-making.",0,1,0,0,0,0,0,0,0,0,0,0,1,0,0,0,1,0,0,0,0,0,0,0,0,0,0,0,0,0
AJTU5RhF3S4,This folk song features an accordion playing the main melody. Another accordion plays a backing melody and chords. The bass plays a groovy lick based around the root note of the chord. A triangle plays the part of the percussion. This is a low quality audio and the percussion is not audible. This song can be played in a village fair.,0,1,0,0,0,0,0,1,0,0,0,0,0,0,0,0,0,0,0,0,0,0,0,0,0,0,0,0,0,0
8Nrp4jUZeGE,"This is an electronic dance music piece. It opens with loud fuzzy synth bass and electronic drums and continues with a repeating melody from a bright keyboard. It has an upbeat, loud and energetic aura that would be ideal in a nightclub setting. It could also be used in a DJ setlist.",0,0,0,0,1,0,0,0,0,0,0,0,0,0,0,0,0,0,0,0,0,0,0,0,0,0,0,0,0,0
AaVUuKl8294,"A boys' singing slow, stoic spiritual music accompanied by harp and a woodwind ensemble. No drums.",0,0,0,0,0,0,0,0,0,0,0,0,0,0,0,0,0,0,0,0,0,0,0,0,0,0,0,0,0,0
-tmY1GEH3_Y,"The low quality recording features a pop song that consists of an echoing male vocal singing over punchy kick and snare hits, shimmering hi hats, metallic percussions, synth lead melody, synth pad chords and groovy synth bass. It sounds energetic, nostalgic and exciting - like something you would hear in clubs during the 80s.",1,0,0,0,1,0,0,0,0,0,0,0,0,0,0,0,0,0,0,1,0,0,0,0,1,1,0,0,0,1
-VI2IRq17rs,"In this clip, a large bell is rung and left to ring. We can hear the resonance in the room as the bell rings. There is then the faint sound of a male speaking in the background. It's a live recording.",0,0,0,0,0,0,0,0,0,0,0,0,0,0,0,0,0,0,0,0,0,0,1,0,0,0,0,0,0,0
1OIfQHKnAcw,A male singer sings this emotional melody. The song is medium tempo with a piano accompaniment and a strong bass drum kick . The song is emotional and romantic. The song is a home music video .,0,0,1,0,0,0,0,0,0,0,0,0,0,0,0,0,0,0,0,0,0,0,0,0,0,0,0,0,0,0
3vEsFxolnFs,This clip is an instrumental with a female voice speaking. The tempo is medium with a banjo riff. This is a Banjo lesson on chord progression for country dance music. It is clear and crisp.,0,1,0,0,0,0,1,0,0,0,0,0,0,0,0,0,0,0,0,0,0,0,0,0,0,0,0,0,0,0
45iNSkfzOwM,"The song is an instrumental. The tempo is medium with a piano accompaniment, music box tones and percussion tones with a metal grinding instrument making noise. The song is tense and anticipatory. The song is a soundtrack for a documentary film.",0,0,1,0,0,0,1,0,0,0,0,0,0,0,0,0,0,0,0,0,0,0,0,1,0,0,0,0,0,0
6yB6plsrjO0,"Music that promotes focus. The music is instrumental and the instruments are all electronic. Synthesized string harmonies, harp plucks and bell sounds blend over a driving bass. The music is tranquil, yet focused. Good for an IT training video.",0,1,0,0,0,0,0,0,0,0,0,0,0,0,0,0,0,0,0,0,0,0,0,0,0,0,0,0,0,0
5blPLHS0Cko,This ambient song features a main melody played on a flute. It is accompanied by percussion playing beats on the bass drum only. A tambourine is played on one count in every bar. There are the sounds of chirping birds in the background. This song also has layers of synth playing tribal-style instruments. The mood is meditative. This song can be used in meditation or in a yoga session.,0,1,0,0,0,0,0,0,1,0,0,0,0,0,0,0,0,0,0,0,0,0,0,0,0,0,0,0,0,0
68DacKw1hlE,"This is a pop/funk music piece. There is a male vocalist singing melodically in the lead. The main melody is being played by the keyboard while the bass guitar is playing a groovy bass line in the background. The rhythm consists of an electronic drum beat. The atmosphere is groovy. This piece could be used in the soundtrack of a crime/comedy movie, especially during the scenes where a character is trying hard to appear as a villain.",0,0,0,0,1,0,0,0,0,0,0,0,0,0,1,0,0,0,1,1,0,0,0,0,0,0,0,0,0,0
0sPVAP17w2U,This instrumental song features a Chinese fiddle. The song has an oriental feel. The fiddle is accompanied by a bass playing the root notes of the chords. Another medium pitched instrument plays chords in the background. Bells and chimes are played to add more melody to this song. There is no percussion in this song. There are no voices in this song. This song can be played in a meditation center.,0,1,0,0,0,0,0,0,1,0,0,0,0,0,0,0,0,0,0,0,0,0,0,0,0,0,0,0,0,0
2SenLjPbGzU,"The low quality recording features a pop song that consists of a passionate male vocal, alongside background male vocals, singing over punchy 808 bass, claps, shimmering hi hats, wide tinny percussion, repetitive synth lead melody and groovy synth keys melody. It sounds groovy, addictive and exciting - like something you would hear in a club.",1,0,0,0,0,0,0,0,0,0,0,0,0,0,0,0,0,0,1,1,0,0,0,0,1,0,0,0,0,0
6TSluKI0X54,This clip features a home recording of a musical piece using low quality gear. The clip is of a bass guitar and the sound is captured on the video capturing device and not through a mixer. The bass is playing hammer ons and harmonic notes. The notes are played on a particular scale. No percussion is played and no other instruments are featured in this song.,0,0,0,0,0,0,0,0,0,0,0,0,0,0,1,0,0,0,0,0,0,0,0,0,0,0,0,0,0,0
0wYi8B9PXDY,This is a video game theme being hummed by a male vocal. It is in the low-to-medium range. It conveys a feeling of idleness. Vocal samples can be lifted from this track to be used in beat-making.,0,0,0,0,0,0,0,0,0,0,0,0,0,0,0,0,0,0,0,0,0,0,0,0,0,0,0,0,0,0
5D4siJjh1j0,"The low quality recording features a high pitched female vocal singing over snare roll, repetitive synth keys chords and echoing crash cymbals all impacted by filter modulation that slowly opens up. It sounds exciting and energetic.",1,0,0,0,1,0,0,0,0,0,0,0,0,0,0,0,0,0,0,0,0,0,0,0,0,0,0,0,0,0
1heMbyumHAo,This is a remix of an R&B soul piece. There is a male vocal singing in a laid-back manner joined by an auto-tuned male vocal. The keyboard provides the melody with a gentle bass guitar playing in the background. The rhythmic structure is composed of the acoustic drums and the percussion playing a medium tempo beat. The atmosphere of the piece is groovy and there is a feelgood aura to it. This piece could be used in the soundtrack of a sitcom.,0,0,0,0,0,0,0,0,0,0,1,0,0,0,0,1,0,0,1,0,0,0,0,0,0,0,0,0,0,0
1_YHHL_t2GI,"The low quality recording features clapping and shoe tapping sounds over rock songs played on playback. The song consists of a passionate male vocal that sings over punchy kick and snare hits, shimmering hi hats, electric guitar melody and groovy bass guitar. The recording is in mono and a bit noisy, as it was probably recorded with a phone.",1,0,0,0,0,1,0,0,0,0,0,0,0,1,0,0,0,0,0,0,0,0,0,0,1,1,1,0,0,1
0QYNC7J05XI,This pop song features a male voice singing the main melody using vocables. This is accompanied by an acoustic guitar strumming chords. The piano fills at a higher register and also plays chords. The bass guitar plays the root notes of the chords without any flourishes. A shaker is used in the background which acts as the percussion. Hand claps are played at every alternate count. Bells are played on the first count of the first two bars of each phrase. The melody is happy and upbeat. This song can be played in a movie scene featuring a family on a road trip.,0,0,0,0,0,0,0,0,0,0,0,0,1,0,1,0,0,0,0,0,0,0,1,0,0,0,0,0,0,0
4b8gTARnmVE,"This is a salsa music piece. There is a male vocal in the lead joined by another as a back vocal. All the vocals are singing joyfully. There is a piano playing the main melody while a bass guitar is playing in the background. In the rhythmic background, there is an acoustic latin drum beat with percussion playing syncopations all over. There is a lively, upbeat atmosphere. This piece could be played at dance clubs and it could also be used as an accompaniment piece for latin dance courses.",0,0,0,0,0,0,0,0,0,0,0,0,0,0,1,0,1,0,0,0,0,0,0,0,0,0,0,0,0,0
6nWWTNVRDjw,"A male vocalist sings this upbeat Arabic pop. The tempo is fast and enthusiastic with intense bass lines, keyboard arrangement , vigorous drumming, violin symphony, oud accompaniment with vocal backup and sound of clapping and tambourine beats. The song is energetic, vivacious, enthusiastic, engaging and compelling with a high energy dance vibe. This song is contemporary Pop.",0,0,0,0,1,0,0,0,0,0,0,1,0,0,0,1,0,0,0,0,0,0,0,0,0,0,0,0,0,0
0298WjE3_tk,"A female singer sings and chants with Emily. The tempo is fast with a quick drumming rhythm, percussive bass line, strong drumming rhythm and keyboard accompaniment. The song is exciting  and energetic. The song is an anime show soundtrack.",0,0,0,1,1,0,0,0,0,0,0,1,0,0,0,0,0,0,0,0,0,0,0,0,0,0,0,0,0,0
07-vpXo91XM,"Low fidelity recording of a live concert. The crowd noise is very loud and the audience is screaming. The audio is distorting. Amidst the crowd noise, beat boxing can be heard performing a house music style beat.",0,0,0,0,0,0,0,0,0,0,0,0,0,0,0,0,0,0,0,0,0,0,0,0,0,0,0,0,0,0
1V7ReAk9k-4,The hip-hop music excerpt features what sounds to be a doubled boy voice rapping. A typical hip-hop drum beat drives the pulse of the music. A sampled string sound is playing arpeggios as accompaniment. Other synth sounds can be heard playing short repeating melodies. The atmosphere is slightly tense.,0,0,0,0,0,0,0,0,0,0,0,0,0,0,0,0,0,0,0,0,0,0,0,0,0,0,0,0,0,0
0HXYdGGKV2k,The song is an instrumental. The song is medium tempo with a groovy rhythm and fast fingers playing this banjo solo. The song is entertaining and exciting. The song is of poor audio quality and a live performance video.,0,0,0,1,1,0,0,0,0,1,0,1,0,0,0,0,0,0,0,0,0,1,0,1,0,0,0,0,0,0
00M9FhCet6s,This children's song features a male voice singing the main melody. There are other voices singing backing vocals. This is accompanied by percussion playing a simple beat. A guitar strums the chords accenting the strums in between lines. The bass plays the root notes of the chords with a reggae feel. The keyboards play chords in the background. This song can be played at a children's party.,0,0,0,0,0,0,0,0,0,0,0,0,0,0,0,0,0,0,0,0,0,0,1,0,0,0,0,0,0,0
5tt_GKV13G0,"This music is an instrumental with a groovy rhythm. The audio is of inferior quality making the sound muddled and difficult to comprehend. There is a steady rhythm in the background with the sound of a turn table, scratching , a catchy riff on the electric guitar and some sound caused by disturbance in electrical energy.",0,1,0,0,0,0,0,1,0,0,0,1,0,0,0,0,0,0,0,0,0,0,0,0,0,0,0,0,0,0
1xhwyUVSRQk,"A female singer sings this cool pop melody with backup singers in vocal harmony. The song is medium tempo with a groovy bass line, steady drumming rhythm, and keyboard accompaniment . The song is exciting and youthful. The audio quality with a lot of ambient crowd noises.",0,0,1,1,0,0,0,0,0,1,0,0,0,0,0,0,0,0,1,0,0,0,0,0,0,0,0,0,0,0
9Qle4fgMbzk,"This music is instrumental. The tempo is slow with a lead harmony on an acoustic guitar. The music is mellow, soft , mesmerising and nostalgic . There is minimal instrumentation with the guitarist playing the tune for the movie Godfather. This music is a tutorial on how to play free style guitar .",0,1,0,0,0,0,0,0,1,0,0,0,1,0,0,0,0,0,0,0,0,0,0,0,0,0,0,0,0,0
5xIBQGMjiX4,"The low quality recording features harmonized male vocals singing over shimmering shakers, repetitive cowbell hits and acoustic rhythm guitar chord progressions. It is a bit noisy and loud, as it was probably recorded with the phone.",1,0,0,0,0,1,0,0,0,0,0,0,0,0,0,0,0,0,0,0,0,0,0,0,0,0,0,0,0,0
-4NLarMj4xU,"The Pop song features a soft female vocal singing over sustained pulsating synth lead, mellow piano melody, sustained synth brass, punchy kick, claps. tinny wide hi hats and high pitched female vocal melody. It sounds emotional, sad, passionate and like something you would hear on a radio.",0,0,1,1,0,0,0,0,0,0,0,0,0,0,0,0,0,0,0,1,0,0,0,0,0,0,0,0,0,1
AkHaDKuiE_s,This is an instrumental percussion piece. There is an acoustic latin drum kit composed of the cowbells and the timbales. The drummer is playing an energetic solo on this kit. This piece could be playing in the background at a drum shop.,0,1,0,0,1,0,0,0,0,0,0,0,0,0,0,0,0,0,0,0,0,0,0,0,0,0,0,0,0,0
8vFJX7NcSbI,A digital drum is playing a four on the floor groove with a kick on every beat and a noisy sounding snare. A synth bass sound is playing a bassline along with a sub bass. On top of that a synth pluck sound is playing a fast arpeggiated melody. A noise sound is used as an atmospheric element. This song may be playing in an arcade video-game.,0,0,0,0,0,0,0,0,0,0,0,0,0,0,0,0,0,0,0,0,1,0,0,0,0,0,0,0,0,0
5JQIsqc8HBc,A female voice is singing in a higher pitch with a lot of quarter and half steps. A string section and plucked strings are playing along with the melody adding little accents here and there. percussion instruments are holding a rhythm with little elements. This song sounds like it is from a part of India. The sound quality is not the best. This song may be playing in a documenta.,0,0,0,0,0,0,0,0,0,0,0,0,0,0,0,0,0,0,0,0,0,0,0,0,0,0,0,0,0,0
1yWGmdevTuM,This tribal music is played on a didgeridoo. It is played by vibrating the lips over the instrument using breathing techniques. The song has a continuous droning sound and inter spread with low pitch bass sounds. There are no voices in this song. This audio can be used in a movie where the protagonist is trapped in a forest.,0,0,0,0,0,0,0,0,0,0,0,0,0,0,0,0,0,0,0,0,0,0,0,0,0,0,0,0,0,0
6KqFiP_ux5U,"The low quality recording features a soul song that consists of a passionate male vocal, alongside wide harmonizing female vocals, singing over smooth piano melody, wide sustained strings and subtle, arpeggiated electric guitar melody. It sounds heartfelt, emotional and uplifting - like something you would hear in church.",1,0,1,0,0,0,0,0,0,0,0,0,0,0,0,0,0,0,0,0,0,0,0,0,0,0,0,0,0,0
4Vg0PQuHTk0,"This is a groovy, electro-funk track which works well for dancing. A song like this would be heard in the eighties. It is soulful and upbeat. There are synth stabs and a trumpety synth motif in the background.",0,0,0,0,0,0,0,0,0,0,0,0,0,0,0,0,0,0,0,0,0,0,0,0,0,0,0,0,0,0
9WzzYYWpeyA,Here we have a quartet of clarinet players playing a classical piece. One of them plays a rapidly ascending melodic motif. The others play sustained notes ranging from bass to alto which provide a support for the melody.,0,0,0,0,0,0,0,0,0,0,0,0,0,0,0,0,0,0,0,0,0,0,0,0,0,0,0,0,0,0
7hKG33wkr0k,"The low quality recording features a classical orchestra music that consists of wide strings, pulsating woodwind melody, glissando harp melody and heartbeat low tom hits. It sounds spooky, vintage, haunting, suspenseful and intense, like something you would hear as background music in a movie.",1,0,0,0,0,0,0,0,0,0,0,0,0,0,0,0,0,0,0,0,0,0,0,0,0,0,0,0,0,0
1j4rFfU5XKQ,This song contains several drum hits and percussive instruments playing a fast paced rhythm that motivates dancing along. An e-bass is bringing the low end supporting the drums. Cuatro guitars are strumming chords as a rhythmic addition. Trumpets are playing a loud and catchy melody. Some of the musical elements are slightly panned to the left and right side of the speakers. This song may be playing at a cheerful event.,0,0,0,0,0,0,0,0,0,0,0,1,0,0,0,0,0,1,0,0,0,0,0,0,0,0,0,0,0,0
2dyxjGTXSpA,"A male vocalist sings this intense melody in a foreign language.The tempo is slow with a keyboard and organ accompaniment that is burgeoning as the song progresses. The vocals are eloquent, emphatic, persuasive and lilting and the vibe of the song is mellow, persuasive, passionate, emotional and appealing.",0,0,1,1,0,0,0,0,1,0,0,0,0,0,0,0,0,0,0,0,0,0,0,0,0,0,0,0,0,0
1JqNiV03kog,This is a Carnatic classical music piece. There is a female vocalist singing melodically while shifting her voice in a veena-like manner. The sitar is playing the melody and the tabla is playing the rhythm. There is a sentimental and dreamy atmosphere to this piece.,0,0,0,0,0,0,0,0,0,0,0,0,0,0,0,0,0,0,0,0,0,0,0,0,0,0,0,0,0,0
7dmT4SgS_EM,"A female singer sings this sultry vocals. The song is medium tempo with traditional Arabic percussions playing steadily, tambourine percussion, keyboard accompaniment and a strong bass-line. The song is romantic and passionate. The audio quality is poor.",0,0,0,1,0,0,1,0,0,0,0,0,0,0,0,0,0,0,0,0,0,1,0,0,0,0,0,0,0,0
2UnlMwW8nyI,This children's song features an accordion playing chords. This is accompanied by percussion playing a simple beat. The bass plays the root notes of the chords. An instrument like the xylophone plays the main melody on the low frequencies. There are no voices in this song. This song is an instrumental. The mood of this song is happy. This song can be played in a children's animation series.,0,1,0,0,0,0,0,0,1,0,0,0,0,0,0,0,0,0,0,0,0,0,0,0,0,0,0,0,0,0
9Cfs00bZRCg,"This techno song features a falsetto voice in the beginning. This is accompanied by 2 counts of programmed percussion. A synth plays one chord using synth strings. The voice, percussion and synth pause and only a repetitive synth loop is played. After four bars, the kick drum starts playing on every count. The mood of this song is upbeat. This song can be played in a trance party or a DJ party.",0,0,0,0,0,0,0,0,0,0,0,0,0,0,0,0,0,0,0,0,0,0,0,0,0,0,0,0,0,0
7OjXHfVoI64,"This song is an instrumental interlude of the Gospel song ‘Thorns in the Straw. The music is slow with a melancholic trombone and tuba harmony, acoustic guitar accompaniment , bass, steady drumming,and synthesiser arrangements. The music is soft, mellow, poignant,pensive, sentimental,emotional, reflective and serene. This song is a Gospel Instrumental.",0,1,1,0,0,0,0,0,1,0,0,0,0,0,0,0,0,0,0,0,0,0,0,0,0,0,0,0,0,0
46WpyRUqwXU,"The low quality recording features a pop song that contains a passionate female vocal, alongside wide harmonizing male vocals, singing over wide brass melody, electric guitar chords, straight piano melody, punchy snare and smooth bass guitar. It sounds groovy, addictive and passionate.",1,0,0,1,0,0,0,0,0,0,0,0,0,0,0,0,0,0,1,1,0,0,0,0,0,1,0,0,0,0
8LP_wbFLaJE,This song contains a digital drums playing a groove that invites to dance along with some percussive sounds. A bass hit sounds is adding rhythmic and harmonic elements along with a short synth lead sound in the higher register. A male voice is shouting/singing with delay on his voice. This song may be playing in a club.,0,0,0,0,1,0,0,0,0,0,0,0,0,0,0,0,0,0,0,0,0,0,0,0,0,0,0,0,0,0
4TDtUHo5cSE,"The low quality recording features a jazz song that consists of shimmering hi hats and ride cymbals, soft kick and snare hits, groovy walking bass and smooth organ keys melody. It sounds easygoing, groovy and warm - almost like a theme song for some old cartoon.",1,0,0,0,0,0,0,0,0,0,0,0,0,0,0,0,0,0,0,0,0,0,0,0,1,0,0,0,0,0
-i9gpG3vPwA,"This audio clip is an electronic instrumental of two different tracks with medium fast tempo. The first tempo has an amplified piano playing an emphatic harmony along with digital drums. The second track has emphatic digital drums and electronic /synthesised music arrangement. Both the tracks are melodious, pleasant, harmonic, futuristic, captivating and engaging with a dance groove.",0,1,0,0,0,0,0,0,0,0,0,0,0,0,0,0,0,0,0,0,0,0,0,0,0,0,0,0,0,0
-wymN80CiYU,"A male singer sings this beautiful melody with backup singers in vocal harmony. The song is medium tempo with a percussive string section, strong bass line, guitar lead, steady drumming rhythm , keyboard accompaniment and various percussion clicks. The song is emotional and romantic. The song is of poor audio quality.",0,0,1,0,0,0,1,0,0,0,0,0,0,0,0,0,0,0,0,0,0,1,0,0,0,0,0,0,0,0
4jzr88nEdCM,"A male vocalist sings this upbeat pop. The tempo is fast with synthesiser arrangements, hard hitting drums, groovy bass, tambourine beats ,keyboard harmony and choral harmony. The song is an upbeat, catchy , compelling, persuasive, enthusiastic and youthful Indie Pop.",0,0,0,0,1,0,0,0,0,0,0,1,0,0,0,0,0,0,0,0,0,0,0,0,0,0,0,1,0,0
5QtjEBcZR6M,This is a very distorted tape recording of a gospel song. A choir with a male lead vocal can be heard singing passionately. The loud volume of electric guitar and the acoustic drums can be heard in the track. This track could be used in a nightmare sequence in the  soundtrack of a horror movie.,0,0,0,0,0,0,0,0,0,0,1,0,0,0,0,1,0,0,0,0,0,0,0,0,0,0,0,0,0,0
AVG-Wmdd2yU,"Lush synth pads with reverb are accompanied by ambient static sounds which give way to a filtered male vocal over a simple, filtered electronic drum beat, giving a mellow ethereal feel to the music.",0,0,0,0,0,0,0,0,0,0,0,0,0,0,0,0,0,0,0,0,0,0,0,0,0,0,0,0,0,0
-4SYC2YgzL8,"low fidelity audio from a live performance featuring a solo direct input acoustic guitar strumming airy, suspended open chords. Also present are occasional ambient sounds, perhaps papers being shuffled.",0,0,0,0,0,0,0,0,0,0,0,0,0,0,0,0,0,0,0,0,0,0,0,0,0,0,0,0,0,0
-hYRFCQdbLg,"The Low quality recording features an upbeat instrumental playing in the background on some kind of speaker, while a loud marimba melody is played over it. It kind of sounds off beat, also the sound is mostly located in the left channel of the stereo image, which makes the recording imbalanced and low in quality.",1,0,0,0,0,1,0,0,0,0,0,0,0,0,0,0,0,0,0,0,0,0,0,0,0,0,0,0,0,0
6vM7Kv42Uv0,"The low quality recording features a pop song that consists of stuttering vocal effects, flat male vocal speaking alongside female vocal, bleating goat sound effect, some percussive elements, boomy bass, crispy snare and shimmering hi hats. There are some scratching effects in the left channel of the stereo field. It sounds funny and like it is a parody song.",1,0,0,0,0,0,0,0,0,0,0,0,0,0,0,0,0,0,0,1,0,0,0,0,1,0,0,0,0,0
7V0G65FK2VQ,"The song is an instrumental guitar solo. The song tempo is medium with a racy electric guitar solo with a show of technique of note bending, tremolo and playing rhythmically. The song is home video and an average quality recording.",0,0,1,0,1,0,1,0,0,0,0,0,0,0,0,0,0,0,1,0,0,0,0,0,0,0,0,0,1,0
3bg0iy-ypcw,"The Hip Hip songs live performance consists of repetitive male vocal singing over repetitive piano melody, smooth bass, shimmering hi hats and soft kick and snare hits. It sounds jazzy and warm.",0,0,0,0,0,0,0,0,0,1,0,0,0,0,0,0,0,0,0,0,0,0,0,0,1,0,0,0,0,0
1y1lEOGBcWM,"The low quality recording features a suspenseful piano melody played over mellow synth pad chords. It sounds intense, mystical, but also passionate, as something you would hear in movies.",1,0,1,1,0,0,0,0,0,0,0,0,0,0,0,0,0,0,0,0,0,0,0,0,0,0,0,0,0,0
5iPTcL50mvw,"The low quality recording features a chiptune remix of a pop song and it consists of high pitched female vocal singing over repetitive synth melody, punchy ""4 on the floor"" kick pattern and shimmering bells melody at the very beginning of the loop. It sounds kind of addictive, fun and happy. The audio sounds like it was stretched.",1,0,0,0,0,0,0,0,0,0,0,0,0,0,0,0,0,0,0,1,0,0,0,0,0,0,0,0,0,0
9Z6Q0X60rmo,"The low quality recording features a reverberant trumpet melody playing over a wide brass melody and a mellow arpeggiated melody in the background. It sounds glorious, passionate, emotional and calming.",1,0,1,1,0,0,0,0,0,0,0,0,0,0,0,0,0,0,0,0,0,0,0,0,0,0,0,0,0,0
0F-Z0zF1504,"A male vocalist sings this soft Korean Melody. The tempo is medium with a romantic piano accompaniment, steady drumming, simple bass lines, chimes, synthesiser arrangements and male vocal backup. The song is a soft, mellow, romantic, emotional, sentimental, dulcet, melodic love song. This song is a Korean Soft Pop/K-pop song.",0,0,1,0,0,0,1,0,0,0,0,0,0,0,0,0,0,0,0,1,0,0,0,0,0,0,0,0,1,0
2xGRCsW6-Bk,"The low quality recording features a Champeta song that consists of wooden percussive elements, electric guitar solo melody, funky electric rhythm guitar chords, shimmering shakers and hi hats and smooth bass guitar. It sounds funky and like something you would dance to in a bar.",1,0,0,0,0,0,0,0,0,0,0,0,0,0,0,0,0,0,0,0,0,0,0,0,1,0,0,0,0,0
8DTKCAv9ods,"This clip is an indian blow horn called the Tutari or Sringa being played, followed by a dialogue between two male voices. The tutari is a Royal instrument from western India, sounded during ceremonies, festivities or to make announcements.",0,0,0,0,0,0,0,0,0,0,0,0,0,0,0,0,0,0,0,0,0,0,1,0,0,0,0,0,0,0
1GCOnj53QYM,"This music is two separate tracks. The first track is electronic music with turn table scratching. The second track is a soft, romantic, mellow, harmonious melody with keyboard harmony, electric guitar, groovy bass and steady drumming with a man talking at the end. The two tracks are unrelated.",0,1,0,0,0,0,0,0,1,0,0,0,0,0,0,0,0,0,0,0,0,0,0,0,0,0,0,1,0,0
7lV4IvuW2lk,"The low quality recording features a live performance of distant trumpet melody, followed by energetic cymbals, snare roll and manically played metallic percussion. It sounds energetic and loud, while the recording is noisy and in mono, as it was probably recorded with a phone.",1,0,0,0,1,1,0,0,0,0,0,0,0,1,0,0,0,0,0,0,0,0,0,0,0,0,0,0,0,0
6Si3eGkmmy8,"Rhythmic African afrobeat music that sounds celebratory and fun. Busy hand percussion and mallet percussion play in an odd meter, accompanying group female vocals with a lead female vocalist. Feels organic and earthy.",0,0,0,0,0,0,0,0,0,0,0,0,0,0,0,0,0,0,0,0,0,0,0,0,0,0,0,0,0,0
9dBWFEpcJIo,"The low quality recording features a rock song that consists of wide electric guitar chord progressions, distorted bass guitar, shimmering hi hats, uptempo kick pattern and punchy snare. This instrumental sounds a bit muffled and imbalanced in volume, as the guitars are really loud, but it is very energetic regardless.",1,1,0,0,1,0,0,0,0,0,0,0,0,0,0,0,0,0,0,0,0,0,0,0,1,1,1,0,0,0
AmAThmRphk0,"The Jazz song features a passionate solo acoustic guitar melody and acoustic rhythm guitar chords, followed by simple double bass. It sounds smooth and elegant, something you would hear in fancy restaurants or good jazz clubs.",0,0,0,0,0,0,0,0,0,0,0,0,0,0,0,0,0,0,0,0,0,0,0,0,0,0,0,0,0,0
1RwhRTe-OKk,"The song is an instrumental. The song is medium tempo with three guitars playing in harmony, guitar accompaniment, guitar harmony, guitar lead and a strong bass line. The song is emotional and spirited. The song has an average audio quality and is played in front of a live audience.",0,0,1,1,0,0,1,0,0,0,0,0,0,0,0,0,0,0,0,0,0,1,0,1,0,0,0,0,0,0
ABVYSaLu_VM,Here we have a slow piano piece played in a major key. The peace feels calm and happy.,0,0,1,0,0,0,0,0,0,0,0,0,0,0,0,0,1,0,0,0,0,0,0,0,0,0,0,0,0,0
4KqSdK5KM-I,A banjo is playing chords while an upright bass is playing a bassline. These two form the rhythmic section. On top of that a mandolin is playing a fast and complex solo. In the background you can hear the crowd cheering and clapping hands. This is an amateur recording. This song may be playing in a big pub.,0,0,0,0,0,0,0,1,0,0,0,0,0,0,0,0,0,0,0,0,0,0,0,0,0,0,0,0,0,0
4kZ0EZg5JRU,"The low quality recording features a ballad that contains a flat male vocal, alongside mellow harmonizing, reverberant female vocals, singing over acoustic rhythm guitar located in the left channel, electric guitar melody in the right channel of the stereo image, groovy bass, shimmering hi hats, soft rimshots, soft kick hits and mellow keys melody. It sounds mellow, emotional, passionate and heartfelt.",1,0,1,1,0,0,0,0,0,0,0,0,0,0,0,0,0,0,0,0,0,0,0,0,1,0,0,1,0,0
4zZiWBp0b08,This is a comedy music piece. There is a male vocalist singing in a funny manner in the Filipino language. The keyboard is playing a goofy tune with the bass guitar playing in the background. The rhythm is being played by a simple electronic drum beat. There is an amusing atmosphere. This piece could be used in the soundtrack of a comedy movie that takes place in the Philippines.,0,0,0,0,0,0,0,0,0,0,0,0,0,0,1,0,0,0,0,0,0,0,0,0,0,0,0,0,0,0
5r4jLwjj_Ik,This is a jazz music piece. There is a saxophone playing a solo in the lead. A tuba is playing the bass line. There is an electric guitar strumming chords. The rhythm is being played on the ride cymbal by the acoustic drums. The instrumentals have a sophisticated feel. This piece could be playing in the background at a classy restaurant.,0,0,0,0,0,0,0,0,0,0,1,0,0,0,0,1,0,0,0,0,0,0,0,0,0,0,0,0,0,0
A_Yd5huF2Pg,"The song is an instrumental. The tempo is medium with a church organ playing melody, steady drumming rhythm, cymbals crashing, tambourine percussion, steady bass, and guitar playing rhythm. The song is exciting and retro nostalgia. The audio quality is poor.",0,0,0,1,0,0,1,0,0,0,0,0,0,0,0,0,0,0,0,0,0,0,0,1,0,0,0,0,0,0
-nlkWWphiaM,"The low quality recording features a live performance that consists of fruity male vocal singing over accordion melody, acoustic rhythm guitar chords and shimmering bells. It sounds emotional and hopeful. The recording is a bit noisy and in mono, as it was probably recorded with a phone.",1,0,1,0,0,1,0,0,0,1,0,0,0,1,0,0,0,0,0,0,0,0,0,0,0,0,0,0,0,0
5NCUtndrsHg,An acoustic drum is holding the groove together with an upright bass and an acoustic guitar playing rhythmic chords on the backbeat. A trumpet and trombone are playing a melody before the male voice starts to sing being backed up by other male voices singing along. This song may be playing during a live event.,0,0,0,0,0,0,0,1,0,0,1,0,1,0,0,0,0,0,0,0,0,0,0,0,0,0,0,0,0,0
-OAyRsvFGgc,"The low quality recording features a cover of a rock song that consists of an electric guitar solo melody played over playback instrumental. The instrumental features a punchy kick and snare hits, soft cymbals and smooth bass. It sounds passionate, even though the recording is muffled and noisy, as it was probably recorded with a phone.",1,0,0,1,0,1,0,0,0,0,0,0,0,0,0,0,0,0,0,0,0,0,0,0,0,1,1,0,0,1
55vMO5LzMHM,There is an ambient synth playing at a low-to-medium range. A door creaking sound can be heard. There is an eerie and ominous atmosphere to this track. It could be sampled to be used in the soundtrack of a mystery/horror video game as a sound effect.,0,0,0,0,0,0,0,0,0,0,0,0,0,0,0,0,0,0,0,0,0,0,0,0,0,0,0,0,0,0
AdxKsUW2mAo,"There is a meditative chant sung at a medium pitch by a female voice. In the background, an acoustic guitar plays a mellow tune while an ambient synth can be heard holding the bass notes of the chant. It has a peaceful atmosphere which makes it a perfect match for meditation sessions.",0,0,0,0,0,0,0,0,0,0,0,0,1,0,0,0,0,0,0,0,0,0,0,0,0,0,0,0,0,0
1KN3GrwhY8c,"This disco song features a male voice singing the main melody. This is accompanied by programmed percussion playing a disco beat. The kick is played at every count of the bar. The synth changes chords after two bars to a higher pitch chord, then after one bar to a higher pitch chord, then after one more bar to a higher pitch chord and finally after one more bar to a suspended fourth chord. The instruments pause for 3 counts of the bar while the voice continues to sing. The bass plays the root notes of the chords. The mood of this song is romantic. This song can be played in a club.",0,0,0,0,0,0,0,0,0,0,0,0,0,0,0,0,0,0,0,0,0,0,1,0,0,0,0,0,0,0
4mC6K77Y_Ho,This song features the sound of a shofar being played. The shofar plays a high pitch note and plays some broken notes in between. This song is an instrumental and has no voices. This instrument is played ar Jewish religious functions.,0,1,0,0,0,0,0,0,0,0,0,0,0,0,0,0,0,0,0,0,0,0,0,0,0,0,0,0,0,0
08mf5GxT820,A digital drum is playing a simple rhythm along with a synth bassline. A very pregnant synth lead i s playing a catchy and repeating melody in the higher register. In the background you can hear feet stumping noises. This song may be playing in a club.,0,0,0,0,0,0,0,1,0,0,0,0,0,0,0,0,0,0,0,0,0,0,0,0,0,0,0,0,0,0
2zrPFxxT1VM,This song starts with a male narrator speaking a line. This is followed by a female voice singing the  main melody and each line is repeated by male and female voices. This song has a repetitive melody. This song has a call and response pattern. This is accompanied by an acoustic guitar playing chords and riffs at the end of lines. The percussion is played on a tabla. This song has a religious chant feel. This song can be played in a religious gathering.,0,0,0,0,0,0,0,0,0,0,0,0,1,0,0,0,0,0,0,0,0,0,0,0,0,0,0,0,0,0
1DNoynuGLV4,This song starts with a glitter sound and the drums hitting a soft crash. Followed by piano chords and a higher pitched melody accompanied by a stringlike synthesizer sound repeating a simple melody. The drums sound repetitive and programmed accompanied by some bongos  and a bass giving the song a funky groove. There is a beeping sound that sounds like it's not part of the song. This song may be playing while stuck on the telephone-line.,0,0,0,0,0,0,0,0,0,0,0,0,0,0,0,0,1,1,0,0,0,0,0,0,0,0,0,0,0,0
60y9j_Dc-Xs,"This music is instrumental. The tempo is medium with a sharp melody of the xylophone. It is melodic, reverberating,    minimalist with a festive ring to it.",0,1,0,0,0,0,1,0,0,0,0,0,0,0,0,0,0,0,0,0,0,0,0,0,0,0,0,0,0,0
9Kut4r8hswE,"The low quality recording features an electro song that consists of punchy kicks, crispy claps, male vocal chants and groovy, filter modulated synth bass. There is a short noisy traffic noise at the beginning of the loop. Overall it sounds noisy, groovy and energetic.",1,0,0,0,1,0,0,0,0,0,0,0,0,0,0,0,0,0,1,0,0,0,0,0,0,0,0,0,0,1
56Cm1AkbfbU,"The low quality recording features a live performance of a pop song that consists of harmonizing male vocals singing, while there are crowd cheering noises in the background. It sounds passionate, heartfelt and joyful.",1,0,0,1,0,0,0,0,0,0,0,0,0,0,0,0,0,0,0,1,0,0,0,0,0,0,0,0,0,0
9vbsI9xFuo8,"The Alternative/Indie song features a mixed background choir singing over punchy kick and snare hits, energetic cymbals that include crashes and ride hits, followed by groovy bass and strings section melody. The instrumental probably contains more instruments in the background, like a brass section or something orchestral, but due to the low quality mix of the song, it is not audible. Sounds epic and energetic, almost like a final boss theme song for video games.",1,0,0,0,1,0,0,0,0,0,0,0,0,0,0,0,0,0,0,0,0,0,0,0,0,1,0,1,0,1
0fCpAuxrQ_I,"This song is a Rock instrumental. The tempo is medium fast with an aggressive electric guitar harmony, steady drumming, keyboard accompaniment, groovy bass lines. The audio quality is inferior so the finer aspects; are hard to detect. Overall the vibe of the song is intense,dangerous, sinister, spooky, goth, threatening and suspenseful. This song is Hard Rock/Metal.",0,1,0,0,0,0,0,0,0,0,0,1,0,0,0,0,0,0,0,0,0,0,0,0,0,0,0,0,1,0
-mB_XLq6g1g,This audio contains an acoustic drum playing a groove along with a simple bassline. Trumpets are playing a melody that sounds out of tune and all over the place while a kids voice is streaming and you can hear some aggressive clicking sounds. This song may be playing for a parody video.,0,0,0,0,0,0,0,1,0,0,1,0,0,0,0,0,0,1,0,0,0,0,0,0,0,0,0,0,0,0
49nqh7uI9fw,"This recording contains male voice samples that seem to be pitched down and strongly processed with effects, also reverb and delay. One is panned to the right side of the speakers. A lot of white noise is running through a filter and an LFO. A synthesizer is playing a simple melody for a moment before fading away. This song may be playing in-between two songs of a DJ-set.",0,0,0,0,0,0,0,0,0,0,0,0,0,0,0,0,0,0,0,0,0,0,0,0,0,0,0,0,0,0
7lG2zPKo9e4,"A female vocalist sings this sweet melody. The tempo is medium with a ukulele accompaniment. The song is dulcet, melodic,pleasant , euphonious, simple and sweet however the male vocal backup seems completely unrelated and dissonant. It changes the vibe of this song from sweet to creepy and eerie.",0,0,0,0,0,0,0,0,0,0,0,0,0,0,0,0,0,0,0,0,0,0,0,0,0,0,0,0,0,0
AgtY6m-b3Gk,"This is an instrumental jazz improvisation piece with heavy bossa nova influences. There is an over-arching bossa nova syncopation not only being played by the acoustic drums in the backing track but also followed by the electric rhythm guitar and the bass guitar. The lead is a guitar solo being played by a gentle sounding electric guitar. Although there are complex chords and riffs, the general atmosphere is tranquil. This piece could be playing in the background of a restaurant. It could also be included in the soundtrack of a movie during serene scenery.",0,1,0,0,0,0,0,0,0,0,1,0,0,0,1,1,0,0,0,0,0,0,0,0,0,0,0,0,0,0
4PGzlwvXMnE,"The low quality recording features a trap song that consists of flat male vocals, alongside wide harmonizing male vocals, singing over punchy 808 bass and repetitive synth lead melody in the background. There is a high pitched riser at the end of the loop. It sounds groovy and addictive thanks to that cadence.",1,0,0,0,0,0,0,0,0,0,0,0,0,0,0,0,0,0,1,0,0,0,0,0,0,0,0,0,0,0
AElgGuUSSKE,"This piece is a compilation of an opera singer's high-pitched singing that shows how high of a pitch she can reach. For the most part, she is holding a single high note as the strings in the orchestra provide the harmonic background.",0,0,0,0,0,0,0,0,0,0,0,0,0,0,0,0,0,0,0,0,0,0,0,0,0,0,0,0,0,0
3rbWoeUg9yo,"The low quality recording features a regional Mexican song that consists of harmonizing male vocals singing over wide, bouncy wooden percussion, wide acoustic rhythm guitar, groovy bass, punchy kick and strings melody. It sounds passionate, energetic and groovy.",1,0,0,1,1,0,0,0,0,0,0,0,0,0,0,0,0,0,1,0,0,0,0,0,0,0,0,1,0,1
5-aS_pyXesM,"A male vocalist sings this enthralling Arabic song. The tempo is medium with mizwiz lead melody , rhythmic oud accompaniment,, goblet drum, tambourine  keyboard harmony along with more Arabian percussive instruments. The song is melodic, charming, pleasant, engaging, ambient and soulful. This song is an Arabic Pop song.",0,0,0,0,0,0,1,0,0,0,0,0,0,0,0,0,0,0,0,0,0,0,0,0,0,0,0,0,0,0
8XGXHDMIJw4,"The low quality recording features a processed vocoder male vocals singing over punchy ""4 on the floor"" kick pattern, shimmering hi hats, low percussions and tinny wooden percussions. It sounds weird, addictive and hypnotic.",1,0,0,0,0,1,0,0,0,0,0,0,0,1,0,0,0,0,0,0,0,0,0,0,1,0,0,0,0,0
-XkbErI_7EU,This slow jazz song features male voices singing the main melody in harmony. This is accompanied by percussion playing a simple beat. The double bass plays the root notes of the chords. Trumpets play a fill in harmony in between lines. A piano plays an arpeggiated chord at the end of the first line. This song has a romantic mood. This song can be played in a classic romantic movie.,0,0,0,0,0,0,0,0,1,0,0,0,0,0,0,0,1,0,0,0,0,0,0,0,0,0,0,0,0,0
28pkN4m1x6I,This is an electro swing/funk music piece. It is an instrumental piece. There is a brass section making up the most of the melody with the saxophone as the lead. The bass line is being played by the tuba. There is also a piano adding texture to the melody. The rhythmic background is provided by an electronic drum beat. The atmosphere is upbeat and eccentric. This piece could be playing at a nightclub or a dance club. It could also work well in the soundtrack of a comedy animation movie.,0,1,0,0,1,0,0,0,0,0,0,0,0,0,0,0,1,0,0,0,0,0,0,0,0,0,0,0,0,0
A7RgbrJYe_s,This song is used as a theme for a prank video. There is a keyboard and bass guitar providing the melodic background while a dissonant synth plays an on-the-nose comedic tune. There is a funky but simple electronic drum beat for the rhythmic background. Scratching sound effects and a laughing track were also used to emphasize the comedic element.,0,1,0,0,0,0,0,0,0,0,0,0,0,0,1,0,0,0,0,0,0,0,0,0,0,0,0,0,0,0
8rCYRgePG-4,"A female vocalist sings this spirited Latin Rap. The tempo is medium fast with keyboard harmony , infectious drumming, groovy basslines and digital beats. The song is upbeat, youthful, catchy, energetic, emphatic, melodic and vivacious with a dance groove. This song is a Latin Urbano.",0,0,0,0,0,0,0,0,0,0,0,0,0,0,0,0,0,0,0,0,0,0,0,0,0,0,0,0,1,0
4VbXYuCz4M0,"The low quality recording features a live performance that consists of harmonica solo melody played over acoustic rhythm guitar chords. The recording is noisy, in mono and it sounds happy and joyful.",1,0,0,0,0,1,0,0,0,1,0,0,0,1,0,0,0,0,0,0,0,0,0,0,0,0,0,0,0,0
6jZ8VNANHwM,"The music features a girlish female voice singing a sparse melody. The bass guitar and drums drive the pulse of the music but the drums play a more active role in that regard. Towards the middle of the music excerpt a crescendo leading into an orchestra hit can be heard. After this, a calming synth pad sound can be heard providing harmonic context.",0,0,0,0,0,0,0,0,0,0,0,0,0,0,1,0,0,0,0,0,0,0,0,0,0,0,0,0,0,0
4ufDENm_ECk,This amateur recording features low quality audio. The audio is of music played from a toy. It is a children's song. A child is singing the main melody. This is accompanied by percussion playing a simple beat. There are other instruments playing fills in between lines. The voice of the instruments is not distinguishable. There is a giggling sound of a girl that is heard in this clip.,0,0,0,0,0,0,0,1,0,0,0,0,0,0,0,0,0,0,0,0,0,0,0,0,0,0,0,0,0,0
APUDprnfOIs,"The low quality recording features a plucked melody and groovy bass playing in the background and shimmering shakers and kids talking sound in the front. The recording is very noisy, as it was probably recorded with an old phone. It gives off happy and fun vibes.",1,0,0,0,0,1,0,0,0,0,0,0,0,0,0,0,0,0,0,0,0,0,0,0,0,0,0,1,0,0
11FeId69WOk,"A male vocalist sings this retro classic melody. The tempo is slow with a melodious electric guitar lead, soft acoustic guitar accompaniment and subtle bass complimenting the soft vocals and backup. The song is mellow, melancholic, pensive, insightful, euphonious, dulcet and soothing. There is a sound of static in the background. This song is classic Rock.",0,0,0,0,0,0,0,0,1,0,0,0,0,0,0,0,0,0,0,0,0,0,0,0,0,0,0,0,0,0
1tNkAc29aPE,"This song is an instrumental. The tempo is medium with an upbeat electric guitar harmony. The music is minimal with no other instrument as accompaniment. It is Loud, sharp, intense, youthful and rhythmic. The vibrations of the music can be heard even after it stops playing. This music is Soft Rock.",0,1,0,0,0,0,1,0,0,0,0,0,0,0,0,0,0,0,0,0,0,0,0,0,0,0,0,0,1,0
8oTTgXIO0-I,This song contains someone scratching over a Hip-Hop track. The track contains acoustic drums with a rim-shot as snare and congas playing along. The e-bass and an e-guitar are playing the same lines in the lower register. This song may be playing live at a scratching contest.,0,0,0,0,0,0,0,0,1,0,1,0,0,0,0,0,0,1,0,0,0,0,0,0,0,0,0,0,0,0
0QAaln-hjPw,This song contains digital drums playing along with a synth bass line creating the foundation of this song. Some drum elements are panned to both sides of the speakers. A synth lead sound is playing a high pitched melody and a male voice sample is used as a loop to create a melody. This song may be playing for a youtube video.,0,0,0,0,0,0,0,1,0,0,0,0,0,0,0,0,0,0,0,0,1,0,0,0,0,0,0,0,0,0
3ujGrObyefA,"This music is instrumental. The tempo is fast with an upbeat keyboard harmony, bright drumming, energetic electric guitar and synthesiser and digital drum arrangements. There is an interaction between two men superimposed over the music. The music is lively, cheerful, happy, positive, upbeat, warm and heartening. This is the background score for an Interview or documentary.",0,1,0,0,0,0,0,0,0,0,0,1,0,0,0,0,0,0,0,0,0,0,0,0,0,0,0,0,0,0
Akg1n9IWSrw,This audio contains a big wind sound before an acoustic drum starts playing a pattern on the toms with an opening and closing hihat. Then a male voice starts speaking at a higher pitch. Other male voices seem to respond to him. This song may be playing in the background for a movie skit.,0,0,0,0,0,0,1,0,0,0,1,0,0,0,0,0,0,0,0,0,0,0,0,0,0,0,0,0,0,0
5tNOauvQWQQ,"The low quality recording features a wide synth lead melody, synth pad chords and a bell impact at the very end, which slowly fades out. It sounds modern and kind of weird, due to the sudden bell impact.",1,0,0,0,0,0,0,0,0,0,0,0,0,0,0,0,0,0,0,1,0,0,0,0,0,0,0,0,0,0
AareFwTIg1s,Someone is playing a piece of music on an accordion. The song sounds uplifting. This song may be playing live at a local theater.,0,0,0,0,0,0,0,1,0,0,0,0,0,0,0,0,0,0,0,0,1,0,0,0,0,0,0,0,0,0
8DQbnR7hwpc,The song is instrumental. The tempo is medium with a harpist playing a bass line accompanying a violist. The song is folk-like with a dance rhythm. The audio quality is poor with ambient crowd noise.,0,0,1,0,0,0,1,0,0,0,0,0,0,0,0,0,0,0,0,0,0,1,0,1,0,0,0,0,0,0
6evOjRxZlHI,"The Soul song features a passionate male vocal singing over a shimmering crash cymbal, sustained strings melody and mellow arpeggiated piano melody. At the very beginning there are some sizzling bells. It sounds romantic and heartfelt - like something you would want to sing to your partner.",0,0,0,0,0,0,0,0,0,0,0,0,0,0,0,0,0,0,0,0,0,0,0,0,0,0,0,0,0,0
6HQqly6duac,The low quality recording features a live performance of guitar percussion. It sounds shimmering and groovy. The recording is noisy and in mono.,1,0,0,0,0,1,0,0,0,1,0,0,0,1,0,0,0,0,1,0,0,0,0,0,0,0,0,0,0,0
8zGJ9N7c6pE,This classic rock song features a hammond organ playing the main melody. This is backed by the percussion playing a simple beat. The percussion plays the hi-hat at every count and ends with a roll at the end of every bar. The bass plays the same melody as the hammond. There are no voices in this song. This is an instrumental song. This song can be played in a bank robbery scene in a movie.,0,1,0,0,0,0,0,0,0,0,0,0,0,0,0,0,0,0,0,0,0,0,0,0,0,0,0,0,0,0
AOgbZUl0y0A,This is a Khaliji music piece. There is a male vocal singing in a melancholic manner in the Arabic language. The oud is playing a solemn melody in the background. There is a sentimental atmosphere. This piece could be used in the soundtrack of a drama movie taking place in the Arab world.,0,0,0,0,0,0,0,0,0,0,0,0,0,0,0,0,0,0,0,0,0,0,0,0,0,0,0,0,0,0
3ZyuBJEbmJM,"A sparse house music beat with just drums. The kick plays a four on the floor pattern, while the hi-hats play on the off beats and the bass part plays a syncopated dotted rhythm.",0,0,0,0,0,0,0,0,0,0,0,0,0,0,0,0,0,0,0,0,0,0,0,0,0,0,0,0,0,0
AjLuenrAsbE,An acoustic drum is playing a 3/3 groove along with a bass. Two e-guitars are playing melodie while one of the e-guitars is highly distorted and takes the lead with a loud and wild melody in the higher register. This song may be playing in a bar.,0,0,0,0,0,0,0,0,1,0,1,0,0,0,0,0,0,1,0,0,0,0,0,0,0,0,0,0,0,0
7KIn0zojwu8,This audio contains someone playing a ballad on a piano then a male voice starts talking and the piano-playing ends. This song may be playing at home practicing piano.,0,0,0,0,0,0,1,0,0,0,0,0,0,0,0,0,1,0,0,0,0,0,0,0,0,0,0,0,0,0
A4vwbziwPm8,"The low quality recording features a mixed harmonized vocals singing over quiet instrumental playing in the background. It is noisy and in mono, as it sounds heartfelt and emotional. It seems like it is a recording of a karaoke session, considering the volume balance between the vocals and instrumental.",1,0,1,0,0,1,0,0,0,0,0,0,0,1,0,0,0,0,0,0,0,0,0,0,0,0,0,0,0,0
2vQTq4QLP8U,This is a eurodance/latin dance music piece. The words are sung in the Spanish language by a female vocalist in a seductive manner. The main theme is played by the accordion while elements such as the keyboard and the bass guitar make up the melodic background. The rhythmic background consists of a basic 4/4 electronic drum beat and latin percussive elements. There is a sensual and erotic feel to this piece. It could be playing at latin dance nights at dance clubs. It could also work well as an accompaniment piece at a latin dance course.,0,0,0,0,1,0,0,0,0,0,0,0,0,0,1,0,0,0,0,0,0,0,0,0,0,0,0,0,0,0
-0vPFx-wRRI,"a male voice is singing a melody with changing tempos while snipping his fingers rhythmically. The recording sounds like it has been recorded in an empty room. This song may be playing, practicing snipping and singing along.",0,0,0,0,0,0,0,1,0,0,0,0,0,0,0,0,0,0,0,0,0,0,0,0,0,0,0,0,0,0
2kcSUBkFbaQ,"The Low Quality Hip Hop song features a dry, flat male vocal rapping over punchy kick layered with shimmering open hats, punchy kick, simple hi hats, claps, syncopated snare hits, wide arpeggiated synth melody and stuttering synth chords. It sounds energetic and kind of unnatural, since the vocal is so detached from the instrumental due to the bad mixing of the song.",1,0,0,0,1,0,0,0,0,0,0,0,0,0,0,0,0,0,0,0,0,0,0,0,0,0,0,0,0,1
0TiEO149Ydc,The low quality recording features a live performance of an Alternative/Indie song and it consists of passionate female vocal singing over acoustic guitar strummed chord and wooden percussive element. The recording is noisy and the vocal is slightly moving throughout the stereo image making it unbalanced. It sounds passionate and emotional.,1,0,1,1,0,1,0,0,0,1,0,0,0,0,0,0,0,0,0,0,0,0,0,0,0,0,0,0,0,0
9Lst8RagMYs,"This ska song features the main melody played on the brass section. This includes saxophone, trumpet and trombones being played in harmony. The bass plays a groovy bassline. The percussion plays a jazz beat with focus on the ride cymbal. A guitar plays chords in the background using a tron or wah effect. This song can be played in a comedy movie.",0,1,0,0,0,0,0,0,0,0,0,0,0,0,0,0,0,0,0,0,0,0,0,0,0,0,0,0,0,0
2zjtZYqg3Ow,"The Drum & Bass song features wide piano chords layered with wide synth pad chords, followed by echoing vocal melody at the beginning, double pedal kick, punchy snare and manically played hi hats. Right before the beat drops, there is a wide reverberant riser that lifts the energy of the track, preparing the listener for it. It sounds energetic, uptempo and manic - like something you would hear on commercials.",0,0,0,0,1,0,0,0,0,0,0,0,0,0,0,0,0,0,0,0,1,0,0,0,0,1,0,0,0,0
0zolXzR9Oi4,"This is a classical music piece from the baroque era. The piece is being performed by a harpsichord. There is a mysterious atmosphere and a medieval feel to this piece. The music could fit very well in the soundtrack of a gothic horror movie, especially where we are witnessing a scene of exposition.",0,1,0,0,0,0,0,0,0,0,0,0,0,0,0,0,0,0,0,0,0,0,0,0,0,0,0,0,0,0
3tK7PpCo0PQ,A male singer-songwriter accompanied by a strummed acoustic guitar and singing passionately a heartfelt folk song. The recording is somewhat low fidelity and live.,0,0,0,0,0,0,0,0,0,0,0,0,1,0,0,0,0,0,0,0,0,0,0,0,0,0,0,0,0,0
9FLDpfkbxZs,This song is led by a e-guitar solo playing a lightly distorted guitar on the upper register. An acoustic guitar panned to the left and right side of the speakers is playing chords along with a bass that gets slapped and an acoustic drums in the background. This song may be played at a live concert.,0,0,0,0,0,0,0,0,0,0,1,0,1,0,0,0,0,0,0,0,0,0,0,0,0,0,0,0,0,0
92k_81uqMSM,"The song is an acoustic pop song with acoustic guitar strumming chords, a drumset playing a simple steady groove accompanied by a bassline. At every end of a phrase some keys are playing a chord in the middle to higher register. In the foreground are some noises made by a machine.  This song may be playing as background music.",0,0,0,0,0,0,0,0,0,0,1,0,1,0,0,0,0,1,0,0,0,0,0,0,0,0,0,0,0,0
0VjPCd62oKg,"This music is a clip of the end of the song. There is no music nor vocals. The audio clip begins with the sound of splashing water followed by ducks quacking before it fades and stops. This song sounds like a Children’s Nursery rhyme about ducks or animals , animal sounds or swimming. It intends to make learning fun and simple.",0,1,0,0,0,0,0,0,0,0,0,0,0,0,0,0,0,0,0,0,0,0,0,0,0,0,0,0,0,0
1FnA3w94zXI,This low quality amateur recording features a guitar solo being played on a distortion guitar. The solo is played up the neck on the higher register. The guitarist plays with very fast picking techniques. This song starts off with string bending which is followed by fast picking on descending licks.,0,0,0,0,0,0,0,0,0,0,0,0,0,0,0,0,0,0,0,0,0,0,0,0,0,0,0,0,0,0
8BJljuSm2Aw,This song is a ballad which features a male voice singing the main melody. This is accompanied by a plucked guitar playing arpeggiated chords. There are no other instruments. There is no percussion. The mood of this song is romantic. This song can be played in a romantic movie.,0,0,0,0,0,0,0,0,1,0,0,0,0,0,0,0,0,0,0,0,0,0,1,0,0,0,0,0,0,0
6xxu6f0f0e4,"This hip-hop song features a male voice singing the main melody. As the voice sings the higher register, he starts to sing in falsetto. After his line, other voices sing a line in harmony. This is accompanied by programmed percussion playing a trap beat. Synth pads play an epic fill in the background. The bass plays the root notes of the chords. The mood of this song is motivational. This song can be played in a sports themed movie.",0,0,0,0,0,0,0,0,0,0,0,0,0,0,0,0,0,0,0,0,0,0,1,0,0,0,0,0,0,0
-tpq_bzSKes,This composition contains an upright bass playing softly along to a harp and strings playing a melody while a male deep voice is softly singing a melody sounding like telling a story. The song sounds like it was made for Christmas. This song may be playing at home having dinner with the whole family.,0,0,0,0,0,0,0,0,0,0,0,0,0,0,0,0,0,0,0,0,0,0,0,0,0,0,0,0,0,0
-6pcgdLfb_A,This is an R&B/soul music piece. There is a male vocalist singing melodically and in a sensual manner over multiple tracks. The melody of the beat is provided by a string sample. There is a strong bass sound in the piece. The rhythm is provided by a groovy electronic drum beat. There is an urban feel to this piece. It could be used in the soundtrack of a TV series where two characters are sharing intimate moments.,0,0,0,0,0,0,0,0,0,0,0,0,0,0,0,0,0,0,1,0,0,0,0,0,0,0,0,0,0,0
7qaRlUc4fb0,"A female vocalist sings this beautiful melody in soprano . The tempo is slow with a harp accompaniment. The song is mellow, soothing, sentimental,calming, ethereal, and dulcet.",0,0,0,0,0,0,0,0,1,0,0,0,0,0,0,0,0,0,0,0,0,0,0,0,0,0,0,0,0,0
4Ua6i_VDYU4,"This audio contains a digital drum with a kick on every beat. An e-bass is playing a slightly funky groove. A synthesizer is playing a short fast melody. Another synth sound is playing a string/pad sound rising up into focus. A female voice is singing, then another female voice takes over singing. The crowd is cheering loudly. This song may be playing during a live show.",0,0,0,0,0,0,0,1,0,0,0,0,0,0,0,0,0,1,0,1,1,0,0,0,0,0,0,0,0,0
5mLYN-F2Oek,"The low quality recording features a R&B song that consists of echoing harmonizing vocals, alongside passionate male vocal singing over noisy percussion, punchy snare and kick hits, pulsating synth melody, synth pad chord, shimmering shakers and sizzling triangle. It sounds romantic, passionate and emotional - like something you would slow dance to with your partner.",1,0,1,1,0,0,0,0,0,0,0,0,0,0,0,0,0,0,0,0,0,0,0,0,0,1,0,0,0,1
B3WaJ_3M0vw,"This clip features a combination of different parts. There are footsteps outdoors, the sound of peeling or squishiness, a muffled voice and rock music at the end. The rock music is hard rock music which features a grungy electric guitar and some simple punchy drumming.",0,0,0,0,0,0,0,0,0,0,0,0,0,0,0,0,0,0,0,0,0,0,0,0,0,0,0,0,0,0
9WrIbJC_C7A,This is an animation theme. There is a brass section playing the melody with the saxophone being the lead. The hi-hat cymbals are played with a feeling of swing on the acoustic drums. The atmosphere is sneaky and filled with intrigue. These characteristics make it a perfect soundtrack for a heist/detective cartoon or an animation movie. It could also work well in the soundtrack of a video game from a similar genre.,0,0,0,0,0,0,0,0,0,0,1,0,0,0,0,0,0,0,0,0,0,0,0,0,0,0,0,0,0,0
B32m9Jqqrpo,"The low quality recording features a DJ that scratches his vinyl hip hop song. The song consists of punchy snare and kick hits, bouncy hi hats and boomy bass. It is noisy, uptempo, energetic and it sounds a bit sloppy.",1,0,0,0,1,1,0,0,0,0,0,0,0,0,0,0,0,0,0,0,1,0,0,0,0,1,0,0,0,1
8GKbDSu9Xd0,The jazz music features a clarinet playing a melody that's ending a song. A big band that incorporates a jazz acoustic guitar accompanies the clarinet. The tempo is slow and the style is ballad. The medium quality audio recording leads me to believe this is an older recording.,0,0,0,0,0,0,0,0,1,0,0,0,1,0,0,0,0,0,0,0,0,0,0,0,0,0,0,0,0,0
8pit9UV69S8,Harsh amateur recording of hardcore aggressive speed metal. The recording is blown out and distorted. Male scream vocals can be heard as well as loud drums and distorted guitar.,0,0,0,0,0,0,0,1,0,0,0,0,0,0,0,0,0,0,0,0,0,0,0,0,0,0,0,0,0,0
7YtKrL6ScXA,This song contains an e-piano playing a major and minor chord melody along with a minimalistic digital drum groove that has a delay on it. A female voice is singing with a little reverb on her voice. The song sounds minimalistic. There is a lot of room for the voice to sing and for the other instruments. A shaker sound is spun to the right side of the speaker. This song may be playing with headphones running through the park.,0,0,0,0,0,0,0,0,0,0,0,0,0,0,0,0,0,0,0,1,0,0,0,0,0,0,0,0,0,0
3TQmts_MxyQ,This is an instrumental backing track of a jazz music piece. There is no singer in this version of the piece. The piano is playing the chords in the minor key while a bass guitar can be heard playing a walking bass line. The rhythmic background consists of acoustic drums playing a jazz swing beat. The atmosphere is delicate. This piece could be playing in the background at a coffee shop. It could be used in the soundtrack of a romantic movie.,0,1,0,0,0,0,0,0,0,0,0,0,0,0,1,0,1,0,0,0,0,0,0,0,0,0,0,0,0,0
-jpbCWcz2pk,This is a comedic hip-hop music piece. There is a male vocal rapping in the lead. The melody in the beat is being played by the piano and the electric guitar while a bass guitar plays in the background. The rhythm is provided by an electronic drum beat. The piece has an amusing aura to it. It could be used in the background of funny social media content.,0,0,0,0,0,0,0,0,0,0,0,0,0,0,1,1,1,0,0,0,0,0,0,0,0,0,0,0,0,0
8Yt55huZGZc,"The low quality recording features a folk song that consists of passionate accordion melody played over sustained strings melody, groovy piano melody and groovy double bass. It sounds uplifting, passionate, emotional and it feels like something you would hear in France, played by street musicians.",1,0,1,1,0,0,0,0,0,0,0,0,0,0,0,0,0,0,0,0,0,0,0,0,0,0,0,0,0,0
Ail32Z1T4QM,This song contains experimental synth sounds creating a dark and mystical atmosphere. This song may be playing at a festival building up tension.,0,0,0,0,0,0,0,0,1,0,0,0,0,0,0,0,0,0,0,0,0,0,0,0,0,0,0,0,0,0
3fqWosszpnE,"A male vocalist sings this upbeat pop song. The tempo is medium fast with thumping drum beats, percussion instruments, ukulele melody, keyboard accompaniment and rhythmic guitar. The audio is muddled making it difficult to hear the finer elements of the song. The song is energetic, enthusiastic, happy, fresh, peppy, perky , groovy. There is background chatter, clapping, cheering and rustling. The song is a Pop Rock/Alternative Indie.",0,0,0,0,1,0,0,0,0,0,0,1,1,0,0,0,0,0,1,0,0,0,0,0,0,0,0,0,0,0
9HQNvz4eZPU,"The song is an instrumental. The tempo is slow with a female operatic singer singing, piano accompaniment, bells singing, trumpets playing harmony, various percussion hits and strong bass line. The song is full of tension and sounds ominous like an impending gun fight.",0,0,1,1,0,0,0,0,1,0,0,0,0,0,0,0,0,0,0,0,0,0,0,1,0,0,0,0,0,0
0dPx94RPy2M,This is a jingle piece played in the background of an advertisement video. There are sounds coming from a drill. The piece in the background is an instrumental rock music piece. There is a keyboard and an electric guitar playing the melody while an acoustic sounding drum beat provides the rhythm. The sounds are bland and generic. The piece could be of some use as an advertisement jingle or it could be playing in the background of an instructive/tutorial video.,0,1,0,0,0,0,0,0,0,0,0,0,0,0,0,1,0,0,0,0,0,0,0,0,0,0,0,0,0,0
ATDi-irUEWc,"The low quality recording features a muffled male vocal speaking, right after the didgeridoo tone. The recording is noisy and in mono.",1,0,0,0,0,1,0,0,0,0,0,0,0,1,0,0,0,0,0,0,0,0,0,0,0,0,0,0,0,0
0L2ndtt60Q8,This is a parody of an electronic music song with a chipmunk vocal effect. There is an edited version of the original track playing in the background that is transposed to a very high pitch.,0,0,0,0,0,0,0,0,0,0,0,0,0,0,0,0,0,0,0,0,0,0,0,0,0,0,0,0,0,0
3XeMR8lX0dg,A cappella choir is singing a melody with a deep male bass voice. Midrange female and male singers and high female voices. Then two female voices start singing two different arpeggio-melodies. The voices are spread across the left and right speaker. You can hear the sound of water. This song may be playing in a live presentation.,0,0,0,0,0,0,0,0,0,0,0,0,0,0,0,0,0,0,0,0,0,0,0,0,0,0,0,0,0,0
4T2KBwRxi_g,"This is a live recording of a didgeridoo being played. The musician  takes a deep breath intermittently while playing the deep, bellowing tone of the instrument.",0,0,0,0,0,0,0,0,0,0,0,0,0,0,0,0,0,0,0,0,0,0,0,0,0,0,0,0,0,0
92QYLjfo68Q,This Latin pop song features a male voice singing the main melody. The voice sings at a high pitch. This is accompanied by Latin style percussion. A variety of percussion is used including the claves and cowbell. The bass plays a groovy bassline. The piano plays chords with a Latin feel. The brass section plays fills in between lines. This song has a romantic mood. This song can be played in a party for a slow dance.,0,0,0,0,0,0,0,0,0,0,0,0,0,0,0,0,1,0,0,0,0,0,1,0,0,0,0,0,0,0
0kQD1P0_KUs,The song is an instrumental with male vocalists cheering enthusiastically . The tempo is medium fast with a trombone and trumpet playing percussively and an Indian dhol playing percussively. The song is cheerful and energetic. The song is a traditional Indian folk style called Punjabi Bhangra music. The song has poor audio quality.,0,0,0,0,0,0,0,0,0,0,0,0,0,0,0,0,0,0,0,0,0,1,0,1,0,0,0,0,0,0
1LA64TXatWk,This audio contains someone scratching to a backing drumtrack. This song may be playing at home demonstrating an app to someone.,0,0,0,0,0,0,1,1,0,0,0,0,0,0,0,0,0,0,0,0,0,0,0,0,0,0,0,0,0,0
03z0rpIkm5g,"The low quality recording features a reggae/dub song that consists of a flat male vocal singing over punchy 808 bass, punchy snare, shimmering hi hats and groovy piano chords. It sounds energetic, groovy and the recording is noisy and in mono - due to the fact that the sound is coming from the right channel only.",1,0,0,0,1,1,0,0,0,0,0,0,0,1,0,0,0,0,0,0,0,0,0,0,1,1,0,0,0,0
8LYWfpPUokc,"The low quality recording features a snare roll played over metronome beep. It sounds energetic and exciting, even though the recording is in mono and a bit noisy.",1,0,0,0,1,1,0,0,0,0,0,0,0,1,0,0,0,0,0,0,1,0,0,0,0,0,0,0,0,0
7Us4WHDmfeA,"The low quality recording features a folk song that consists of a groovy accordion melody, strings melody, acoustic rhythm guitar, energetic drums and some crowd male chants and wide claps. It sounds energetic, fun and happy.",1,0,0,0,1,0,0,0,0,0,0,0,0,0,0,0,0,0,0,0,0,0,0,0,0,0,0,0,0,0
2RMOegT2Jn8,"hip hop music featuring a young male rapper over a minimalist beat with only percussion such as cowbell, kick drum, shaker, and triangle.",0,0,0,0,0,0,0,0,0,0,0,0,0,0,0,0,0,0,0,0,0,0,0,0,0,0,0,0,0,0
6cQjwXNY4sc,"The song is an instrumental. The song is medium tempo with a steady drumming rhythm, cymbal crashes, groovy bass line and various percussion hits. The song is youthful and energetic. The song has an average audio quality.",0,0,0,0,0,0,0,0,0,0,0,0,0,0,0,0,0,0,0,0,0,0,0,1,0,0,0,0,0,0
2zpITTJiw7Q,This low quality audio features a melody played on the piano. This is followed by a melody on two different synth voices. This is accompanied by percussion playing a simple melody. The bass plays the root notes of the chords. The other instruments are not clearly heard because of the low quality of audio. There are no voices in this song. This song can be played in an anime video.,0,0,0,0,0,0,0,0,0,0,0,0,0,0,0,0,0,0,0,0,0,0,0,0,0,0,0,0,0,0
-_6RxZyi30Q,This is an amateur recording of a dance performance over a latin dance music piece in the style of zumba. There is a female dance instructor shouting directions to the dancers. There is a male vocalist singing melodically in the background piece. A strong bass and a loud electronic drum beat can be heard very distinctly. The atmosphere is energetic. The quality of the recording is quite poor.,0,0,0,0,1,0,0,1,0,0,0,0,0,0,0,0,0,0,0,0,0,0,0,0,0,0,0,0,0,0
-w8maIWtnUk,This is an instrumental jam recording of a gear showcase. There is an electric guitar with a clear sound being played with an echo pedal. It gives the recording a dreamy feeling. This track can be used to lift guitar samples with effect for a beat.,0,1,0,0,0,0,0,0,0,0,0,0,0,0,0,1,0,0,0,0,0,0,0,0,0,0,0,0,0,0
5iUwBOf4yek,This song features a synth lead in the beginning. This is accompanied by Indian percussion. A synth choir is playing chords in the background. The synth lead pauses along with the other instruments. A techno beat is played using only bass and kick. This song can be played at a DJ party.,0,0,0,0,0,0,0,0,0,0,0,0,0,0,0,0,0,0,0,0,0,0,0,0,0,0,0,0,0,0
5n8I-br2n1U,a female voice is singing to a digital drum set along with a bass and old disco synthesizer sounds. The singer gets backed by a male singer and the crowd is singing along. There is clapping from the crowd. This song may be playing live at a concert.,0,0,0,0,0,0,0,0,0,0,0,0,0,0,0,0,0,1,0,0,1,0,0,0,0,0,0,0,0,0
An-4jPvUT14,"A male singer sings this hip hop song with backup singers in vocal harmony. The song is medium tempo with slick drumming rhythm, groovy bass line, and keyboard harmony. The song is story telling and emotional in nature. The song has poor audio quality with ambient noises like squeaking wheel tones.",0,0,1,0,0,0,1,0,0,0,0,0,0,0,0,0,0,0,0,0,0,0,0,0,0,0,0,0,0,0
-W5c6CeUMPE,This is a Swiss folk music piece. There is a male vocal and there is a female vocal. They are yodeling as a duet. The melody in the background is being played by a melodeon. There is a pastoral feel to it. This piece could be used in the soundtrack of a movie that takes place in the Alps region.,0,0,0,0,0,0,0,0,0,0,0,0,0,0,0,0,0,0,0,0,0,0,0,0,0,0,0,0,0,0
6dFCMXNlmzQ,"This song is a lively instrumental. The tempo is  medium fast with an enthusiastic accordion harmony and acoustic guitar accompaniment. The music is spirited, melodious, warm, cheerful, happy, vivacious and colourful. This music is a Folk song instrumental.",0,1,0,0,1,0,0,0,0,0,0,0,0,0,0,0,0,0,0,0,0,0,0,0,0,0,0,0,0,0
